id,monto,cantidad,categoria,region,descuento
1,129.93,29,Deportes,Oeste,0.05
2,,30,Deportes,Oeste,0.01
3,4048.11,,Ropa,Este,0.35
4,1902.74,45,Deportes,Oeste,0.4
5,1469.43,47,,Este,0.35
6,4277.31,49,Alimentos,Este,0.32
7,3419.32,82,Hogar,Centro,0.36
8,1624.79,8,Alimentos,,0.02
9,2838.06,28,Hogar,Sur,0.2
10,2809.03,75,Ropa,Norte,0.29
11,4306.21,21,,Oeste,0.21
12,4855.54,2,Alimentos,Este,0.06
13,2176.65,93,Ropa,Norte,0.13
14,1495.73,78,Deportes,Centro,0.19
15,102.29,40,Electronica,Oeste,0.12
16,4890.03,17,Alimentos,Centro,0.24
17,1062.93,94,Alimentos,Centro,0.36
18,1243.29,3,Electronica,Norte,0.12
19,4527.57,10,Deportes,Centro,0.14
20,1218.77,53,Hogar,Norte,0.05
21,4920.91,52,Ropa,Oeste,0.4
22,921.52,10,Electronica,Centro,0.43
23,4845.14,31,Hogar,Sur,0.24
24,4926.62,59,Deportes,Oeste,0.35
25,1487.06,75,Electronica,Centro,0.03
26,2657.98,66,Ropa,Centro,0.09
27,2974.62,54,Alimentos,Este,0.28
28,1981.95,39,Electronica,Centro,0.46
29,370.94,34,,Este,0.17
30,4169.56,79,Deportes,Norte,0.4
31,675.78,14,Ropa,Sur,0.08
32,4265.3,33,Hogar,Norte,0.42
33,,82,Hogar,Norte,0.08
34,4416.12,70,Deportes,Sur,
35,,6,Electronica,Centro,0.11
36,2034.86,20,Ropa,Norte,0.12
37,4622.81,53,Alimentos,Norte,0.43
38,198.43,26,Ropa,Sur,0.23
39,1396.62,99,Deportes,Norte,0.32
40,4852.15,34,Alimentos,Este,
41,4921.26,74,Deportes,Centro,0.02
42,4701.61,26,Alimentos,Norte,0.03
43,1505.11,53,Ropa,Oeste,0.35
44,4514.51,39,Ropa,Centro,0.42
45,1614.63,87,Ropa,Este,0.24
46,3166.54,97,Ropa,,0.16
47,2378.31,10,Hogar,Sur,0.44
48,3439.67,99,Deportes,Centro,0.39
49,4242.44,60,Hogar,Centro,0.49
50,4534.74,21,Ropa,Este,0.24
51,2608.89,36,Alimentos,Centro,0.36
52,758.4,20,Deportes,Norte,0.03
53,2103.62,75,Deportes,Norte,0.01
54,1496.57,54,Ropa,Este,0.37
55,149.98,87,Ropa,Centro,0.36
56,,73,Hogar,Este,0.04
57,1062.24,98,Hogar,Norte,0.14
58,3746.38,45,Electronica,Sur,0.03
59,106.8,17,Hogar,Este,0.06
60,3038.2,15,Deportes,,0.08
61,3388.35,51,Ropa,Este,0.1
62,3004.06,73,Alimentos,,0.17
63,68.2,63,Hogar,Oeste,0.48
64,2611.13,79,Hogar,Centro,0.27
65,4259.31,12,Deportes,Oeste,0.23
66,2474.06,63,Deportes,Este,0.4
67,2585.55,31,Hogar,Oeste,0.24
68,91.13,52,Hogar,Este,0.15
69,3730.95,90,Ropa,Centro,0.15
70,3452.37,95,Deportes,Norte,0.36
71,1484.75,39,Alimentos,,
72,1464.22,82,Deportes,Oeste,0.25
73,925.9,62,Deportes,Norte,0.03
74,4056.65,11,Deportes,Centro,0.06
75,2615.25,57,Deportes,Centro,0.29
76,500.67,81,Ropa,Sur,0.33
77,,77,Alimentos,Oeste,0.02
78,1170.95,81,Electronica,Sur,0.4
79,4134.02,22,Alimentos,Oeste,0.3
80,3500.17,65,Hogar,Centro,0.22
81,461.18,74,Alimentos,Sur,0.01
82,3259.29,24,Electronica,Oeste,0.22
83,3352.32,43,Hogar,Centro,0.25
84,,33,Deportes,Norte,0.49
85,2715.26,25,Hogar,Sur,0.31
86,659.41,90,Ropa,Este,0.01
87,2763.5,15,Hogar,Este,0.06
88,1370.76,61,Deportes,Sur,0.28
89,1384.86,54,Electronica,Este,0.39
90,2901.72,20,Deportes,Este,0.24
91,4903.97,50,,Oeste,0.39
92,3320.13,20,Deportes,Norte,0.02
93,2204.33,59,Ropa,,
94,1328.79,51,Deportes,Este,0.43
95,4437.76,70,,Este,
96,3735.1,13,Ropa,Norte,0.35
97,,38,Hogar,Sur,0.22
98,399.45,80,Ropa,Este,0.25
99,3335.87,60,Hogar,Centro,0.34
100,4810.34,59,Hogar,Oeste,0.1
101,2876.19,38,Hogar,Centro,
102,3892.67,78,Ropa,Este,0.42
103,954.71,97,Electronica,Norte,0.33
104,2206.91,94,Hogar,Sur,0.45
105,4382.92,65,Hogar,Este,0.42
106,1696.88,10,Hogar,Centro,0.48
107,3954.46,,Alimentos,Este,0.23
108,1172.94,,Ropa,Oeste,0.28
109,1514.44,18,,Norte,
110,4436.86,59,Deportes,Sur,0.47
111,3276.33,79,,Oeste,0.48
112,1184.38,88,Electronica,Sur,0.45
113,4745.31,12,Electronica,,0.32
114,4944.16,27,Ropa,Sur,0.38
115,742.03,1,Deportes,Sur,0.49
116,4332.91,46,Ropa,Sur,0.12
117,2632.8,61,Hogar,Centro,0.18
118,,85,Electronica,Oeste,0.23
119,544.27,57,Electronica,Centro,0.04
120,2744.04,77,Electronica,Norte,0.23
121,3256.33,93,Hogar,Oeste,0.22
122,3649.41,41,Hogar,,0.19
123,470.68,95,,Centro,0.07
124,615.55,86,Electronica,Centro,0.21
125,522.48,20,Deportes,Este,0.11
126,4037.07,99,Electronica,Este,0.31
127,,98,,Centro,0.17
128,352.58,4,Hogar,Este,0.27
129,1625.29,77,Deportes,,0.03
130,2218.35,78,Electronica,Norte,0.14
131,3394.04,86,Electronica,,0.11
132,1060.11,33,Hogar,Oeste,0.06
133,1154.4,86,Electronica,Oeste,0.04
134,4311.24,74,Hogar,,0.32
135,4007.6,89,Ropa,Oeste,0.04
136,1981.85,44,,Centro,0.39
137,4530.08,94,Electronica,Sur,0.32
138,768.58,10,Deportes,Oeste,0.39
139,4410.83,80,Hogar,,0.49
140,1517.59,8,Electronica,,0.04
141,388.27,12,Deportes,Norte,0.25
142,4050.03,42,Hogar,Este,0.25
143,426.22,6,Deportes,Este,0.22
144,1418.05,44,Alimentos,,0.03
145,3393.5,93,Ropa,Centro,0.48
146,4584.15,84,Electronica,Oeste,0.2
147,1645.74,90,Deportes,Oeste,0.37
148,96.06,28,Ropa,Este,0.38
149,510.2,95,Deportes,Oeste,0.02
150,908.33,80,Hogar,Sur,0.08
151,3054.92,58,Hogar,Sur,0.12
152,4735.92,60,Hogar,Sur,0.39
153,696.3,83,Deportes,Este,0.19
154,805.76,66,Ropa,Este,0.22
155,2077.41,48,Electronica,Norte,0.5
156,3251.55,18,Hogar,Sur,
157,2348.21,11,Ropa,Centro,
158,560.38,39,Deportes,Norte,0.12
159,2501.65,81,Hogar,,0.12
160,2855.47,86,,Centro,0.49
161,2540.57,,Alimentos,Norte,0.02
162,342.46,85,Alimentos,Este,0.39
163,4068.48,100,Ropa,Norte,0.49
164,4718.31,,Alimentos,Centro,0.4
165,4077.95,5,Electronica,Este,0.1
166,3997.72,52,Ropa,Oeste,0.45
167,3987.47,11,Ropa,Este,0.04
168,1642.96,58,Alimentos,Este,0.21
169,2177.53,8,Ropa,Sur,0.32
170,3392.05,17,Hogar,Norte,0.39
171,3396.91,48,Alimentos,Este,0.04
172,571.68,64,Alimentos,Sur,0.46
173,1431.46,63,,Oeste,0.07
174,4053.51,41,Alimentos,Sur,0.35
175,4636.99,47,Ropa,Oeste,0.06
176,,48,Electronica,,0.49
177,3586.08,53,,Norte,0.41
178,3402.14,100,Ropa,Norte,0.29
179,2592.92,21,Deportes,Norte,0.35
180,3177.11,17,Ropa,Centro,0.31
181,3295.37,78,,Norte,0.46
182,,74,Deportes,Oeste,0.11
183,2730.16,39,Alimentos,Norte,0.4
184,2081.03,44,Alimentos,Sur,0.16
185,2577.33,31,Electronica,,0.13
186,4321.5,21,Ropa,Oeste,0.47
187,2336.74,64,Deportes,Sur,
188,1767.71,64,Alimentos,Norte,0.42
189,4412.87,98,,Este,0.02
190,372.29,98,Deportes,Norte,0.41
191,3975.51,47,Deportes,,0.1
192,,61,Ropa,Centro,0.07
193,1967.81,39,Hogar,Este,0.25
194,88.1,15,Electronica,Este,0.29
195,3915.61,74,Deportes,Centro,0.03
196,1904.05,32,Electronica,Oeste,
197,761.4,53,Electronica,Centro,0.31
198,1628.62,68,Deportes,Este,0.48
199,4338.93,89,Alimentos,Sur,0.24
200,4911.39,91,Alimentos,Este,0.35
201,2869.52,51,Alimentos,,0.48
202,399.75,84,Deportes,Centro,0.24
203,690.68,76,Ropa,Norte,0.03
204,1654.82,88,Ropa,Oeste,0.0
205,1001.28,42,Deportes,Norte,0.03
206,879.45,23,Hogar,Este,0.02
207,51.29,14,Deportes,Sur,0.17
208,2342.76,15,Ropa,,0.37
209,1478.65,25,Hogar,Norte,0.43
210,481.45,62,Ropa,Este,0.12
211,1513.22,2,Electronica,Sur,0.18
212,2515.09,91,Alimentos,Sur,0.35
213,672.18,96,Hogar,Sur,0.19
214,3403.31,11,Deportes,Centro,0.26
215,1014.77,22,Ropa,Oeste,0.26
216,2554.32,59,Deportes,Este,0.21
217,1982.76,96,Electronica,Norte,0.04
218,349.75,5,Hogar,Oeste,0.09
219,4585.99,11,Alimentos,Centro,0.33
220,641.1,1,Deportes,Oeste,0.49
221,1241.32,36,Electronica,Oeste,0.44
222,4681.51,31,,Norte,0.05
223,225.96,70,,Este,0.43
224,4582.4,74,Alimentos,Centro,0.34
225,1506.0,76,Hogar,Norte,0.46
226,4708.22,68,Hogar,Centro,0.21
227,4247.46,91,,Oeste,0.23
228,674.79,27,Alimentos,Sur,0.04
229,1888.95,6,Deportes,Sur,0.09
230,1668.16,2,Hogar,Centro,0.1
231,1986.18,42,Alimentos,Este,0.19
232,2488.9,93,Alimentos,Norte,0.42
233,1110.26,34,Alimentos,Este,0.29
234,2851.1,71,Hogar,Oeste,0.34
235,3665.2,18,Deportes,Norte,0.24
236,4196.15,86,,Sur,
237,759.39,59,Deportes,Oeste,0.31
238,,53,Alimentos,Este,
239,,87,Electronica,Sur,0.47
240,2634.65,35,Hogar,Sur,0.04
241,4141.17,84,Deportes,Norte,0.05
242,418.02,83,Electronica,Norte,0.28
243,4506.86,73,,Centro,0.02
244,169.34,41,Ropa,Oeste,
245,1499.89,73,Alimentos,Sur,0.19
246,3448.11,96,Electronica,Centro,0.03
247,1986.53,4,Ropa,Oeste,0.39
248,3400.08,11,Electronica,Sur,0.15
249,3920.53,50,,Este,0.05
250,515.65,56,Electronica,Centro,0.28
251,2992.23,50,Electronica,Centro,
252,4890.97,22,Alimentos,Norte,0.08
253,1383.43,10,Hogar,Sur,0.47
254,681.77,,Alimentos,Oeste,0.42
255,4298.24,18,Hogar,Oeste,0.3
256,1460.78,63,Alimentos,Oeste,0.39
257,4660.68,70,,Sur,0.38
258,1460.2,53,Alimentos,Oeste,0.07
259,374.46,62,Hogar,Este,0.27
260,4062.42,11,Ropa,Norte,0.12
261,3226.93,97,Electronica,Centro,0.4
262,2792.18,29,Deportes,Sur,0.2
263,127.69,54,Ropa,Este,0.04
264,1038.3,61,Electronica,Norte,0.36
265,,14,Ropa,Centro,0.08
266,2801.45,30,Hogar,Centro,0.31
267,2250.63,1,Electronica,Centro,0.1
268,1633.29,34,Alimentos,Centro,0.24
269,575.59,59,Alimentos,Centro,0.41
270,674.07,40,Hogar,Sur,0.19
271,2118.08,69,Deportes,Este,0.32
272,1576.33,7,Ropa,Centro,0.48
273,2477.37,54,Deportes,,0.22
274,1463.99,69,Hogar,Norte,0.39
275,1343.11,47,Hogar,Oeste,0.38
276,4151.2,39,Electronica,Norte,0.02
277,1188.55,76,Hogar,Sur,0.43
278,4068.58,73,Alimentos,Este,0.14
279,1340.38,87,Hogar,Este,0.07
280,638.81,32,Hogar,Centro,0.16
281,3140.93,10,Deportes,Este,0.44
282,2442.78,100,Alimentos,Centro,0.05
283,4840.8,64,Deportes,Oeste,0.41
284,4471.3,6,Electronica,Sur,0.39
285,8.38,26,Alimentos,Este,0.45
286,1805.37,86,Alimentos,Sur,0.08
287,460.54,28,Hogar,,0.07
288,4086.46,55,Electronica,Norte,0.24
289,1840.97,49,Ropa,,0.38
290,3053.54,45,Hogar,Oeste,0.31
291,438.01,97,Hogar,Sur,0.37
292,3224.88,77,Electronica,Este,0.3
293,3036.6,51,Ropa,Norte,0.03
294,3192.22,2,Deportes,Centro,0.47
295,3814.82,99,,Norte,0.29
296,1992.89,92,Electronica,Centro,0.21
297,1390.95,66,Alimentos,Norte,0.49
298,2190.24,31,Hogar,Norte,0.04
299,3709.76,16,Electronica,Este,
300,3916.02,22,Electronica,Norte,0.37
301,2149.48,34,,Este,0.29
302,4297.5,21,Electronica,Centro,0.05
303,,2,Ropa,Norte,0.24
304,4570.17,54,Alimentos,Norte,0.12
305,601.41,7,Hogar,,0.4
306,1415.12,42,Alimentos,Este,0.23
307,1216.71,64,Deportes,Sur,0.39
308,4662.33,,Electronica,Norte,0.32
309,1884.49,40,Hogar,Sur,0.26
310,469.67,67,Electronica,Centro,0.45
311,4100.71,73,Alimentos,Este,0.33
312,1967.8,42,,Centro,0.14
313,532.76,41,Ropa,Oeste,0.27
314,603.97,88,Ropa,Este,0.35
315,3557.23,51,Ropa,,0.34
316,2263.74,32,Electronica,,0.05
317,4912.92,52,Deportes,Norte,0.32
318,,83,Alimentos,Oeste,0.06
319,4621.04,93,Ropa,Sur,0.01
320,2232.83,79,Hogar,Oeste,0.12
321,1402.48,26,Deportes,Oeste,0.4
322,1798.76,63,Alimentos,Este,0.28
323,151.37,36,Deportes,Sur,0.5
324,3286.04,95,Hogar,Sur,0.5
325,2964.63,90,Alimentos,Centro,0.3
326,4742.1,64,,,0.09
327,104.54,43,Ropa,Este,0.1
328,742.82,19,Electronica,Oeste,0.42
329,1686.12,21,Hogar,Sur,0.22
330,2812.08,79,Ropa,Este,0.11
331,3645.51,74,Electronica,Este,0.5
332,4837.82,73,Electronica,Este,0.25
333,4427.17,91,Electronica,Sur,0.36
334,1755.65,93,Hogar,Oeste,
335,1896.67,13,Ropa,Norte,0.39
336,171.9,,Hogar,Norte,0.05
337,4491.13,77,Hogar,Sur,0.45
338,2173.83,43,Deportes,Este,0.09
339,484.1,71,Hogar,Centro,0.08
340,489.45,82,Alimentos,Oeste,0.04
341,3306.9,70,Ropa,Este,0.19
342,1320.69,73,Electronica,Centro,0.38
343,3783.5,8,Deportes,Oeste,0.41
344,1182.03,51,Deportes,Centro,0.36
345,4746.53,22,Hogar,,0.4
346,1013.59,19,Electronica,Centro,0.13
347,1634.0,59,Deportes,Oeste,0.01
348,752.46,75,Deportes,Este,0.47
349,4401.28,34,Electronica,Oeste,0.24
350,3045.23,5,Electronica,Este,0.44
351,106.06,39,Electronica,Sur,0.42
352,4871.23,42,Ropa,Oeste,0.21
353,3798.67,8,Deportes,Centro,0.08
354,149.6,26,Alimentos,Este,0.12
355,2323.77,16,Hogar,Oeste,0.12
356,1752.05,34,Hogar,,0.34
357,3900.25,29,Hogar,Norte,0.34
358,665.91,2,Alimentos,Oeste,0.3
359,2297.7,39,Electronica,,0.41
360,4832.59,72,Electronica,Este,0.3
361,3204.77,34,Ropa,Sur,0.48
362,4028.12,77,Electronica,Este,0.16
363,2095.74,5,Alimentos,Sur,0.5
364,3193.38,86,Deportes,Norte,0.15
365,3705.89,72,Alimentos,Sur,0.09
366,3722.33,43,Electronica,Centro,0.29
367,3105.17,25,Alimentos,Sur,0.43
368,1005.48,73,Ropa,Oeste,0.49
369,4933.27,8,Ropa,Sur,
370,3819.03,79,Hogar,Norte,0.21
371,3654.64,42,,,0.27
372,1135.2,40,Ropa,,0.19
373,,59,Ropa,Oeste,0.3
374,946.19,52,Ropa,Norte,
375,849.08,84,Deportes,Centro,0.19
376,3311.54,3,Hogar,Centro,
377,3510.83,88,Deportes,Centro,0.15
378,2097.03,66,Electronica,Centro,0.06
379,1318.65,26,Deportes,Sur,0.2
380,2405.92,2,Hogar,Norte,0.45
381,379.87,33,Alimentos,Norte,0.23
382,4371.33,47,Electronica,Norte,0.16
383,,83,Deportes,Norte,0.18
384,1716.9,52,Hogar,Sur,0.14
385,3482.37,21,Deportes,Sur,0.46
386,3896.93,88,Hogar,Norte,0.36
387,2206.24,84,Deportes,Sur,0.35
388,3350.87,67,Ropa,Oeste,0.31
389,4133.06,79,Hogar,Sur,0.32
390,2460.78,36,Hogar,Norte,0.11
391,4007.3,64,Electronica,Oeste,0.06
392,,12,Deportes,Oeste,0.48
393,1819.9,29,Deportes,Este,0.17
394,574.55,29,Alimentos,Este,
395,233.66,18,Alimentos,Sur,0.37
396,4261.71,25,Deportes,Oeste,0.05
397,2948.63,64,Deportes,Centro,
398,2544.12,23,Electronica,Centro,0.09
399,1612.61,54,Alimentos,Este,0.46
400,2266.96,53,Deportes,Centro,0.44
401,1008.44,38,Ropa,Este,0.46
402,3805.07,75,Deportes,Oeste,0.33
403,2616.04,,Ropa,Este,0.34
404,314.85,27,Electronica,Centro,0.02
405,3713.35,31,Electronica,Oeste,0.4
406,3941.62,71,Hogar,Este,0.37
407,2735.34,100,Electronica,Sur,0.1
408,601.17,,Alimentos,,0.13
409,4687.78,,Deportes,Este,0.3
410,2865.52,91,Electronica,Sur,0.11
411,2687.49,29,Alimentos,Centro,0.33
412,4983.17,84,Hogar,Centro,
413,1222.92,,Electronica,Centro,0.19
414,128.41,99,Electronica,Sur,0.4
415,416.32,99,,Sur,0.0
416,2123.93,69,Hogar,Norte,0.44
417,773.0,43,,Este,
418,2876.94,34,Alimentos,,0.23
419,2676.5,80,,Este,0.37
420,535.15,39,Hogar,Norte,0.14
421,2669.67,51,Ropa,Este,0.42
422,60.7,19,Deportes,Norte,0.0
423,3742.74,45,Ropa,Sur,0.45
424,1267.45,86,Deportes,Centro,0.43
425,3360.07,26,Ropa,Sur,0.24
426,3099.48,41,Deportes,Centro,0.16
427,1585.08,1,Hogar,Este,0.39
428,3666.2,60,Electronica,Centro,0.39
429,1406.68,69,Electronica,Centro,0.37
430,4064.15,99,Deportes,Centro,0.45
431,3877.11,29,Ropa,Centro,0.29
432,1822.51,,Ropa,Sur,0.48
433,899.83,85,Alimentos,,0.07
434,1162.59,30,Alimentos,Oeste,
435,204.32,14,Alimentos,Centro,0.26
436,3270.11,84,Ropa,Este,0.04
437,1728.44,78,Hogar,Norte,
438,1407.64,21,Ropa,Este,0.36
439,2410.18,27,Ropa,,0.32
440,809.84,6,Ropa,Oeste,0.07
441,2820.21,,Electronica,Centro,0.33
442,4337.18,53,Ropa,Centro,0.4
443,3622.31,59,Ropa,Sur,0.03
444,4547.15,20,Deportes,,0.09
445,2519.13,62,Electronica,Oeste,0.45
446,1855.04,,Hogar,Centro,0.11
447,673.75,30,Deportes,Sur,0.04
448,,1,,Este,0.06
449,537.38,75,Alimentos,Oeste,0.43
450,2069.07,62,Alimentos,Oeste,0.28
451,4275.72,96,Electronica,Oeste,0.39
452,4005.26,88,Electronica,Sur,0.08
453,3003.23,34,,Oeste,0.04
454,2607.42,77,Hogar,Sur,0.39
455,4654.14,25,Deportes,Centro,
456,185.13,1,Hogar,Oeste,0.04
457,1005.55,,Deportes,Este,0.46
458,4078.5,25,,Centro,0.2
459,366.57,15,Deportes,Oeste,0.48
460,2818.03,97,Deportes,Oeste,0.39
461,342.43,29,Alimentos,Norte,0.11
462,1320.43,52,,Oeste,0.41
463,1096.74,24,Hogar,Sur,0.34
464,4364.35,26,Electronica,Norte,0.42
465,3318.8,98,Alimentos,Oeste,0.48
466,4405.53,36,Alimentos,Centro,0.49
467,2631.05,70,Ropa,Norte,
468,2303.05,2,Alimentos,Este,0.19
469,1317.93,79,Hogar,Este,0.09
470,2005.96,74,Electronica,Sur,0.29
471,4282.26,95,Hogar,Centro,0.4
472,1582.06,33,Ropa,,0.28
473,2385.31,58,Deportes,Este,0.13
474,2061.75,87,Deportes,Este,0.1
475,3367.6,95,Hogar,Sur,0.04
476,3204.7,54,Electronica,,0.29
477,1570.84,91,Hogar,Este,0.32
478,2607.07,22,Alimentos,Norte,0.01
479,1988.24,61,Electronica,Centro,0.01
480,3275.89,40,Ropa,Sur,0.37
481,,42,Alimentos,Sur,0.23
482,3489.63,77,Hogar,Centro,0.37
483,1739.11,12,Alimentos,,0.18
484,3792.68,37,Hogar,Oeste,0.0
485,2987.03,71,Hogar,Oeste,0.21
486,1106.86,81,Alimentos,Centro,0.38
487,2067.45,24,Hogar,Centro,0.06
488,1606.62,69,Alimentos,Oeste,
489,1167.89,64,Hogar,Oeste,0.21
490,163.53,97,Electronica,Sur,0.03
491,4208.49,2,Hogar,Norte,0.38
492,3677.94,86,Alimentos,Sur,0.24
493,215.72,67,Alimentos,Sur,0.24
494,1183.65,2,Ropa,,0.14
495,,61,Ropa,Norte,0.08
496,1695.42,98,Deportes,Sur,0.03
497,1587.11,83,Ropa,,0.4
498,3623.37,6,Hogar,Sur,0.22
499,1621.79,77,,Este,0.28
500,2710.32,100,Electronica,Este,0.19
501,1197.74,85,Hogar,Sur,0.41
502,1616.39,15,,Sur,0.33
503,1014.38,13,Hogar,Centro,
504,2953.55,,,Oeste,0.36
505,4161.23,82,Hogar,Norte,0.28
506,1332.75,,Deportes,Sur,0.15
507,951.35,32,Deportes,Norte,0.47
508,2884.94,90,Ropa,Centro,0.44
509,795.09,57,Alimentos,Oeste,0.45
510,2155.79,78,Deportes,Este,0.27
511,2264.76,1,Deportes,Este,0.49
512,,28,Alimentos,Centro,0.01
513,4629.98,5,Deportes,Este,0.08
514,464.07,28,Ropa,Centro,0.36
515,481.34,5,,,0.29
516,1742.91,54,Deportes,Oeste,0.06
517,2624.29,73,Electronica,Oeste,0.25
518,3765.44,12,Ropa,Oeste,0.14
519,251.31,11,Ropa,Sur,0.22
520,3262.98,79,Alimentos,Este,0.26
521,2882.21,53,Deportes,Este,0.17
522,1751.83,57,Ropa,Este,0.22
523,3643.79,95,Alimentos,,0.47
524,560.83,3,Deportes,Este,0.37
525,3117.09,89,Deportes,,0.01
526,1423.65,80,Electronica,Este,0.23
527,4564.78,14,Hogar,Oeste,
528,3549.9,63,Deportes,Centro,0.27
529,112.33,68,Electronica,Este,0.24
530,1515.12,65,Hogar,Norte,0.03
531,4745.84,44,Hogar,Centro,0.33
532,3434.18,74,Alimentos,Sur,0.49
533,697.19,26,Deportes,Oeste,0.15
534,4879.01,73,Electronica,Sur,0.16
535,3828.35,53,Alimentos,Sur,0.15
536,927.81,79,Deportes,Norte,0.3
537,3442.27,65,Ropa,Oeste,0.23
538,823.11,53,Hogar,Sur,0.01
539,335.35,57,Hogar,Oeste,0.24
540,213.92,49,Deportes,Centro,0.2
541,3522.04,,Ropa,Oeste,0.23
542,201.06,98,Hogar,Este,0.02
543,2115.2,7,Hogar,Centro,0.45
544,3894.76,90,Electronica,Centro,0.2
545,4479.5,12,Ropa,Norte,0.35
546,3532.6,11,Deportes,Sur,0.19
547,1906.13,43,Ropa,Norte,0.33
548,1551.04,58,Ropa,,0.09
549,65.98,64,Ropa,Oeste,0.0
550,2212.17,1,Deportes,Sur,0.27
551,,84,,Centro,0.07
552,4602.32,,Deportes,Centro,0.09
553,2813.08,96,Alimentos,Oeste,0.47
554,3793.42,9,Alimentos,Oeste,0.07
555,3480.67,14,Electronica,Centro,0.49
556,4931.46,78,Deportes,Sur,0.13
557,2484.5,64,Alimentos,Norte,0.09
558,2327.1,95,Hogar,,0.4
559,4031.19,82,Alimentos,Centro,0.14
560,35.63,44,Ropa,Este,0.28
561,2398.15,5,Deportes,Oeste,0.24
562,2072.7,67,Deportes,,0.36
563,1661.94,46,Alimentos,Centro,0.07
564,2857.05,77,Alimentos,Este,0.39
565,2487.79,58,Ropa,Norte,0.15
566,4567.2,4,Alimentos,Centro,0.45
567,1640.05,13,Ropa,Norte,0.47
568,3569.82,1,Electronica,Norte,0.02
569,3832.07,3,Alimentos,Este,0.16
570,1599.15,16,Deportes,Norte,0.08
571,1754.84,19,Ropa,,0.4
572,1697.0,17,Electronica,Norte,
573,1962.62,76,Alimentos,Sur,0.35
574,3356.0,97,Hogar,Este,0.28
575,3552.53,30,Alimentos,Oeste,0.07
576,4586.74,42,Alimentos,Sur,0.02
577,1746.33,66,Alimentos,Norte,0.41
578,2666.06,53,Hogar,Este,0.12
579,3471.83,56,Ropa,Norte,0.17
580,3560.98,15,Hogar,Oeste,0.23
581,548.18,99,Electronica,Sur,0.16
582,4516.76,1,Alimentos,Centro,0.33
583,1032.28,39,Hogar,Este,0.46
584,2915.72,66,Alimentos,Norte,0.06
585,,46,,Centro,0.14
586,1594.05,49,Ropa,Oeste,0.11
587,1804.64,37,Electronica,Sur,0.34
588,2436.07,18,Hogar,Centro,0.32
589,3118.13,55,Ropa,Norte,0.23
590,4234.79,65,Electronica,Centro,0.46
591,1846.05,89,Alimentos,Norte,0.37
592,3052.3,81,,Centro,0.48
593,268.61,100,Hogar,Este,
594,4803.1,38,Alimentos,Centro,0.35
595,3148.35,74,Deportes,,0.5
596,638.47,36,Alimentos,,0.31
597,877.2,20,Ropa,Centro,0.18
598,1717.53,19,Hogar,Sur,0.41
599,3631.37,74,Electronica,,0.17
600,2383.78,97,Hogar,Sur,0.12
601,2176.5,58,Electronica,Centro,0.16
602,4781.14,84,Electronica,Centro,0.17
603,3866.89,94,Ropa,Norte,0.39
604,4159.29,,Ropa,Este,0.05
605,123.38,77,Electronica,Norte,0.42
606,3025.41,98,Electronica,Este,0.28
607,3304.09,59,Alimentos,Norte,0.14
608,316.62,8,Electronica,Sur,0.41
609,896.32,19,Electronica,Este,0.22
610,369.23,33,Electronica,Oeste,0.01
611,3501.78,74,Hogar,Oeste,
612,3905.78,70,Hogar,Centro,0.19
613,1797.8,52,Alimentos,Este,0.5
614,2300.9,83,Ropa,Oeste,0.28
615,3154.93,11,Electronica,Centro,0.22
616,1946.89,83,Hogar,Norte,0.27
617,,93,Deportes,Centro,
618,2898.83,5,,Centro,0.24
619,,17,Alimentos,Norte,
620,857.59,14,Electronica,Oeste,0.3
621,4180.3,52,Ropa,Sur,0.49
622,2967.46,16,Alimentos,Oeste,0.38
623,2912.02,81,,Norte,0.39
624,,91,Hogar,Sur,0.44
625,1358.39,31,,Oeste,0.31
626,444.67,39,Electronica,Norte,0.0
627,4314.34,65,Alimentos,,0.39
628,750.34,61,Electronica,Este,0.08
629,1260.65,98,,Sur,0.05
630,2427.88,31,Ropa,Este,0.3
631,555.11,31,Ropa,,0.43
632,276.43,28,Ropa,Sur,0.23
633,4877.9,17,Alimentos,Oeste,
634,860.15,38,Deportes,Centro,0.39
635,4275.75,67,Hogar,Oeste,0.5
636,1237.04,75,Deportes,Oeste,0.46
637,205.09,99,Electronica,Sur,0.21
638,3766.63,53,Electronica,,0.07
639,813.21,74,Ropa,Oeste,0.01
640,4358.4,91,,Este,0.43
641,1486.47,90,Electronica,Este,0.27
642,278.78,87,Hogar,Este,0.03
643,3242.62,72,Ropa,Oeste,0.1
644,3762.62,90,Alimentos,Centro,0.37
645,1389.34,45,Hogar,Centro,0.25
646,2262.63,87,Electronica,Oeste,0.4
647,1956.46,10,Hogar,Sur,0.14
648,3138.24,88,Hogar,Norte,0.07
649,319.43,30,Deportes,Este,0.26
650,3330.95,71,Alimentos,Este,0.15
651,1862.65,7,Deportes,Centro,0.14
652,4866.16,89,Electronica,,0.4
653,636.74,24,Alimentos,Oeste,0.35
654,817.18,4,Hogar,Sur,0.25
655,,65,Alimentos,Centro,0.35
656,3998.88,57,Electronica,Centro,0.06
657,128.85,29,,Centro,0.05
658,3907.51,26,Hogar,Norte,
659,1975.15,78,Alimentos,Oeste,0.47
660,1867.29,45,Ropa,Oeste,0.22
661,2080.97,21,Hogar,Centro,0.49
662,722.48,68,Hogar,Oeste,0.03
663,1370.28,60,Ropa,Este,0.38
664,215.95,75,Electronica,Sur,0.28
665,4780.35,61,Ropa,Sur,0.33
666,,64,Deportes,Oeste,0.03
667,3141.84,89,Electronica,Sur,0.19
668,734.95,89,Hogar,Este,0.08
669,,82,Ropa,Centro,0.26
670,2720.84,88,Alimentos,Centro,0.14
671,722.87,37,Ropa,Sur,0.24
672,4158.71,72,Deportes,Norte,0.42
673,4580.58,17,Alimentos,Oeste,0.24
674,2990.25,44,Electronica,Sur,0.15
675,1540.6,11,Electronica,Oeste,0.38
676,,85,Alimentos,,0.03
677,56.31,16,Ropa,Norte,0.1
678,4230.08,75,Deportes,Centro,0.08
679,4098.83,68,Deportes,,0.1
680,4621.54,91,Electronica,Este,0.35
681,2123.34,53,Electronica,Oeste,0.49
682,3525.13,6,Hogar,Este,0.25
683,4206.25,53,Electronica,Oeste,0.43
684,1840.37,,Deportes,Norte,0.34
685,1977.08,14,Alimentos,Este,0.45
686,4220.93,30,Deportes,Oeste,0.36
687,3335.05,63,Electronica,Oeste,0.07
688,4712.3,,Electronica,Oeste,0.42
689,1638.14,80,Hogar,Sur,0.04
690,2492.01,70,Electronica,Norte,0.43
691,1576.22,59,Alimentos,Sur,
692,676.77,63,Deportes,Centro,0.28
693,2813.47,8,Deportes,Este,0.25
694,145.59,,Electronica,Este,0.17
695,2143.6,53,Alimentos,Norte,0.33
696,576.78,69,Deportes,Oeste,0.23
697,3481.31,41,Hogar,Sur,0.2
698,2516.33,44,Ropa,Norte,0.15
699,2681.49,7,Deportes,Norte,0.29
700,2893.08,35,Ropa,Norte,0.4
701,1512.73,56,Alimentos,Oeste,0.16
702,2740.07,81,Ropa,Oeste,0.43
703,3191.44,99,Electronica,Este,0.47
704,1205.67,98,Electronica,Oeste,0.22
705,1438.79,88,Ropa,,0.2
706,1556.15,56,Alimentos,Este,0.45
707,1392.47,83,Electronica,,0.48
708,1572.95,9,Electronica,Sur,0.2
709,2857.01,16,Deportes,Norte,0.41
710,615.77,43,Ropa,Sur,0.37
711,879.9,57,,Norte,0.43
712,2121.79,36,Alimentos,Norte,0.47
713,4526.62,,,Sur,0.4
714,1926.53,90,Ropa,Oeste,0.41
715,,33,Alimentos,Sur,0.47
716,3158.61,99,Electronica,Oeste,0.39
717,2067.74,92,Ropa,Centro,0.46
718,2107.25,71,,,0.23
719,3152.63,18,Alimentos,Norte,
720,1251.77,99,Hogar,Este,0.38
721,4368.16,23,Ropa,Este,0.41
722,4382.57,74,Deportes,Norte,0.47
723,995.34,22,Deportes,Norte,
724,854.76,2,Hogar,Oeste,0.22
725,3569.25,35,Ropa,Este,0.25
726,950.87,19,Ropa,Sur,
727,3422.91,2,Hogar,Oeste,0.44
728,3681.84,13,Hogar,Centro,0.03
729,4836.21,96,Hogar,Oeste,0.0
730,665.53,6,Alimentos,Sur,0.13
731,3552.73,34,Alimentos,Oeste,0.02
732,4385.3,98,Ropa,Oeste,0.26
733,760.57,85,Electronica,Norte,0.22
734,821.96,15,,Centro,0.46
735,2467.48,19,Ropa,Centro,0.05
736,2818.42,28,Deportes,Norte,0.49
737,2493.06,43,Electronica,Centro,
738,534.82,4,Hogar,Este,0.42
739,34.0,84,Deportes,Norte,0.23
740,1418.36,96,Hogar,Sur,0.48
741,4328.25,27,Ropa,Oeste,0.39
742,3680.77,88,Alimentos,Oeste,0.18
743,1943.51,77,Deportes,Oeste,0.38
744,2569.14,87,Hogar,Centro,0.34
745,2343.75,62,Alimentos,Centro,0.49
746,2844.84,6,Hogar,Centro,0.26
747,1780.51,99,Ropa,Oeste,0.06
748,,91,Hogar,Este,0.29
749,4590.97,28,Electronica,Norte,0.37
750,,22,Deportes,Este,0.23
751,4869.74,87,Electronica,Norte,0.34
752,4080.76,25,Ropa,Centro,0.1
753,1508.08,61,Hogar,Oeste,0.06
754,,32,Electronica,Norte,0.28
755,3566.9,64,Alimentos,,0.3
756,2569.21,87,Electronica,Oeste,0.43
757,2768.51,83,Alimentos,Oeste,0.24
758,,25,Deportes,Este,0.22
759,4268.0,60,Hogar,Este,0.15
760,3999.78,80,Hogar,Sur,0.35
761,2463.47,64,,,0.1
762,1788.43,65,,Centro,
763,2812.1,44,Deportes,Sur,0.38
764,4369.11,14,Hogar,Norte,0.46
765,3909.35,14,Electronica,Este,0.02
766,1464.15,65,Alimentos,Sur,0.44
767,1013.44,99,Alimentos,Sur,0.12
768,1865.32,47,Deportes,Sur,0.12
769,2146.97,59,Electronica,Norte,0.26
770,2589.16,44,Electronica,Norte,0.49
771,3209.12,8,Deportes,Oeste,0.49
772,3405.95,39,Alimentos,Centro,0.16
773,3502.97,27,Hogar,Oeste,0.31
774,4405.47,69,Ropa,Centro,0.36
775,468.63,67,,Centro,0.32
776,1210.49,93,Alimentos,Centro,0.25
777,243.43,16,,Sur,0.29
778,4945.06,81,Alimentos,Centro,0.42
779,3573.18,32,Alimentos,Sur,0.26
780,4143.05,8,Electronica,Centro,0.07
781,2797.05,34,Hogar,Oeste,0.32
782,726.01,92,Deportes,Sur,0.48
783,167.87,72,Hogar,Este,0.48
784,206.21,48,Electronica,Sur,0.19
785,2111.68,40,Hogar,,0.11
786,342.48,,Alimentos,Oeste,0.15
787,4169.25,18,Hogar,Este,0.23
788,3125.73,50,Hogar,Norte,0.2
789,3537.51,99,Deportes,Centro,0.28
790,3789.29,67,Electronica,Centro,0.24
791,99.77,32,Electronica,Centro,0.42
792,2946.52,3,,Oeste,0.09
793,577.65,22,Ropa,Oeste,0.09
794,299.27,24,,Este,
795,4465.59,16,Ropa,Centro,0.12
796,579.83,60,,Norte,0.03
797,4817.56,32,Deportes,Norte,0.33
798,2504.66,19,Deportes,Centro,0.49
799,10.0,80,,Oeste,0.49
800,1258.19,45,Alimentos,,0.11
801,2817.59,51,Alimentos,Sur,0.42
802,4787.3,88,Hogar,Este,0.32
803,2301.7,3,Deportes,Norte,0.07
804,2068.75,91,Electronica,Oeste,0.2
805,1768.21,77,Electronica,Este,0.09
806,2225.67,3,Ropa,Centro,0.34
807,4043.03,64,Deportes,Sur,0.02
808,3193.99,36,Deportes,Centro,0.25
809,331.48,9,Deportes,Este,0.47
810,3391.5,89,Hogar,,0.31
811,3367.13,42,Deportes,Este,0.5
812,222.11,7,Electronica,Este,0.21
813,2861.24,,Electronica,Sur,0.49
814,1557.48,13,Electronica,Este,
815,1239.53,44,Ropa,Centro,0.41
816,3821.67,75,Hogar,Norte,0.49
817,314.7,8,,Centro,0.31
818,4250.4,80,Deportes,,0.12
819,3976.85,80,Electronica,Este,0.33
820,544.49,,Deportes,Centro,0.3
821,2107.93,57,,Centro,0.07
822,4798.91,40,Hogar,Este,0.27
823,4851.5,85,Deportes,Oeste,0.03
824,4882.67,26,Hogar,Este,0.17
825,2832.65,39,Electronica,Norte,0.08
826,3467.64,28,Alimentos,Oeste,0.37
827,925.3,47,Deportes,Este,
828,3158.52,47,,Sur,
829,1313.68,71,Alimentos,Norte,0.1
830,690.53,15,Alimentos,Sur,0.11
831,4885.62,56,Ropa,Sur,0.03
832,3473.3,55,,Sur,0.12
833,1474.44,32,Deportes,Oeste,0.4
834,411.63,85,Deportes,Centro,0.08
835,1612.51,89,Deportes,Centro,0.48
836,1039.96,58,Hogar,Este,0.2
837,428.37,38,Hogar,Este,0.18
838,2340.42,64,Ropa,Norte,0.19
839,416.68,66,Ropa,Norte,0.04
840,2732.4,87,Alimentos,Centro,0.15
841,4992.03,95,Alimentos,Oeste,0.13
842,4110.2,2,Ropa,Sur,0.26
843,3746.94,67,Hogar,Norte,0.28
844,943.29,90,Electronica,Centro,0.22
845,1531.33,64,Hogar,Oeste,0.42
846,3454.14,76,Ropa,Este,
847,3996.73,74,Hogar,,0.49
848,2376.51,58,Deportes,Centro,0.15
849,937.53,50,Electronica,Este,0.12
850,863.27,53,Hogar,Norte,0.49
851,4518.42,27,Ropa,Este,0.41
852,2514.86,36,Hogar,Sur,0.5
853,4551.96,59,Hogar,Este,0.02
854,4118.03,54,Hogar,Sur,0.45
855,482.19,6,Deportes,Norte,0.44
856,3613.43,64,Alimentos,,0.38
857,3833.86,58,,,0.1
858,3379.73,44,Electronica,Sur,0.43
859,3744.64,9,Hogar,Este,0.33
860,857.09,,Hogar,Norte,0.15
861,771.71,28,Hogar,Centro,0.45
862,3583.47,50,Electronica,Sur,0.22
863,1876.35,12,,,
864,3401.4,13,Ropa,,0.42
865,4079.04,81,Hogar,Sur,0.1
866,1620.22,,Ropa,,0.01
867,3251.48,9,Hogar,Norte,0.21
868,3957.34,73,Hogar,Sur,0.48
869,3178.59,41,,,0.33
870,2247.31,95,Ropa,,0.29
871,624.66,55,,Este,0.31
872,1881.86,31,Alimentos,Este,0.3
873,3803.67,54,,Este,0.14
874,1033.06,86,Ropa,Oeste,0.4
875,921.81,9,Ropa,Sur,0.03
876,2965.19,27,Alimentos,Sur,0.04
877,886.3,37,Hogar,Este,0.48
878,842.99,65,Hogar,,0.22
879,4270.94,39,Alimentos,Este,0.08
880,1878.86,10,Ropa,,0.36
881,3653.19,52,Alimentos,Este,0.47
882,2943.6,5,Ropa,Oeste,0.06
883,3857.5,45,Electronica,Oeste,0.24
884,1215.55,,Ropa,Oeste,0.32
885,741.1,75,,Oeste,0.42
886,2932.87,67,Hogar,Este,0.44
887,2668.34,76,Electronica,Centro,0.21
888,1725.24,96,Electronica,Oeste,0.37
889,,90,Hogar,Este,0.21
890,675.99,65,Ropa,Sur,0.23
891,963.46,53,Ropa,,0.46
892,627.78,4,Electronica,,0.24
893,4776.29,6,,Este,0.26
894,2368.79,55,Alimentos,Este,0.34
895,1895.29,46,,Oeste,0.4
896,4440.41,78,Ropa,Centro,0.27
897,4349.92,85,Alimentos,,0.49
898,233.54,42,Deportes,Este,0.12
899,4657.76,85,Alimentos,Sur,0.45
900,4381.79,92,Alimentos,Centro,0.06
901,2336.68,15,Ropa,Norte,0.27
902,4966.84,,Alimentos,Este,0.16
903,4757.76,86,Electronica,Este,0.27
904,4659.24,77,Hogar,Centro,0.17
905,2187.63,34,Deportes,Norte,0.04
906,641.45,49,,Oeste,0.0
907,1601.62,87,Deportes,Oeste,0.06
908,,41,Hogar,Sur,0.47
909,733.62,90,Deportes,Norte,
910,4239.11,81,Hogar,,0.25
911,767.75,94,Ropa,Oeste,0.11
912,4075.99,21,Hogar,Oeste,0.27
913,2641.58,90,Electronica,Centro,0.35
914,275.35,39,Hogar,Sur,0.08
915,4022.77,84,Deportes,Sur,
916,4913.59,22,Ropa,Norte,0.05
917,3252.24,20,,Oeste,0.2
918,2982.8,96,Electronica,Oeste,0.35
919,3267.71,16,Deportes,Centro,0.06
920,2865.29,96,Hogar,Sur,0.3
921,322.17,69,,Centro,0.41
922,2652.79,75,Ropa,Norte,0.41
923,2997.52,72,,Sur,0.16
924,1287.52,11,Deportes,Norte,0.25
925,235.6,38,Alimentos,Este,0.22
926,2555.4,85,Alimentos,Sur,0.12
927,3012.71,46,Deportes,Oeste,0.36
928,820.78,33,Ropa,,0.47
929,4976.82,25,Deportes,Oeste,0.28
930,1585.22,49,Electronica,Centro,
931,2744.1,82,Ropa,Sur,0.45
932,494.24,29,Ropa,Este,0.05
933,4034.96,45,Deportes,Norte,0.43
934,4732.82,45,Deportes,Oeste,0.34
935,642.22,,Hogar,Este,0.08
936,3628.47,91,Hogar,Este,0.34
937,2513.64,55,Ropa,Norte,0.36
938,2035.54,12,Electronica,Norte,0.04
939,1432.83,2,Ropa,Centro,0.21
940,3385.49,16,Electronica,Centro,0.31
941,1224.91,68,Ropa,Centro,0.02
942,878.2,18,Hogar,Norte,0.48
943,3396.92,99,Alimentos,Centro,0.15
944,4615.67,83,Deportes,Norte,0.45
945,3079.57,46,Hogar,Norte,0.17
946,991.73,20,,Este,0.46
947,1979.82,55,Hogar,Oeste,0.27
948,1771.92,46,Alimentos,,0.35
949,3720.9,21,Alimentos,Oeste,0.47
950,4000.1,42,Hogar,Norte,0.39
951,634.99,2,Alimentos,Centro,0.12
952,2174.47,63,Deportes,Este,0.21
953,4321.51,32,Electronica,Centro,0.21
954,947.4,81,Electronica,Sur,0.11
955,2134.38,12,Ropa,Oeste,0.19
956,2551.77,39,Hogar,Norte,0.18
957,7.68,42,Electronica,Este,0.24
958,1821.09,13,Ropa,Este,0.34
959,2946.61,31,Electronica,Centro,0.11
960,2934.87,84,Electronica,,0.1
961,1717.78,98,,Centro,0.36
962,4458.48,72,Electronica,Norte,0.45
963,2621.19,3,Alimentos,,0.14
964,3972.98,95,Deportes,Sur,0.25
965,2548.85,50,Ropa,Centro,0.14
966,4396.38,59,Ropa,Este,0.36
967,859.69,,Alimentos,Este,0.02
968,262.34,27,Deportes,Este,0.0
969,3528.78,93,Electronica,Norte,0.45
970,1100.3,23,Deportes,Oeste,0.01
971,1290.44,78,Alimentos,Oeste,0.41
972,1162.46,48,Hogar,Sur,0.24
973,2455.14,83,Hogar,Sur,0.16
974,364.88,83,Electronica,Oeste,0.05
975,554.63,,Electronica,Centro,0.47
976,,14,Electronica,Oeste,0.41
977,4462.49,40,,Centro,0.08
978,4125.5,38,Electronica,Norte,0.44
979,1929.99,37,Electronica,Norte,0.44
980,4782.55,10,Electronica,Centro,0.06
981,2146.0,24,Alimentos,Este,0.08
982,524.09,85,Electronica,Sur,0.13
983,737.21,58,Electronica,Oeste,0.39
984,1395.99,17,Hogar,Oeste,0.19
985,3184.84,84,Deportes,Centro,0.19
986,1154.42,92,Ropa,Sur,0.29
987,1020.38,47,Electronica,Este,0.48
988,4334.53,38,Hogar,Sur,0.42
989,693.32,91,Hogar,Norte,0.37
990,373.48,21,Electronica,Norte,
991,4069.49,24,Alimentos,Este,0.07
992,3226.01,,Deportes,Centro,0.03
993,1984.97,59,Deportes,Sur,0.41
994,788.22,67,Hogar,Sur,0.48
995,4113.41,78,Alimentos,Oeste,0.41
996,828.3,83,Alimentos,Este,0.13
997,,70,,Sur,0.11
998,3193.75,,Deportes,Oeste,0.49
999,,40,Alimentos,Centro,
1000,3760.45,17,Deportes,Sur,0.05
1001,,62,Ropa,Norte,0.43
1002,470.99,28,Ropa,Centro,0.33
1003,3644.96,99,Alimentos,Oeste,0.39
1004,,88,Electronica,Centro,0.1
1005,2490.13,19,Electronica,Oeste,0.15
1006,4670.61,36,,Oeste,0.18
1007,2368.94,57,Deportes,Este,0.07
1008,2007.69,88,Alimentos,Oeste,0.18
1009,1317.82,88,Electronica,Sur,
1010,2806.2,14,Electronica,Oeste,0.08
1011,1747.95,69,Electronica,Oeste,0.23
1012,1001.36,41,Hogar,Oeste,0.3
1013,,61,Deportes,Norte,0.11
1014,1810.66,61,,Oeste,0.11
1015,3180.26,9,Hogar,Centro,0.04
1016,4465.9,7,Alimentos,Este,0.45
1017,2410.72,21,Deportes,Norte,0.22
1018,4469.43,93,Alimentos,,0.31
1019,4669.43,41,Deportes,Oeste,0.48
1020,4287.05,82,Ropa,Centro,0.05
1021,3006.71,27,Electronica,Este,0.49
1022,,65,Hogar,Este,0.06
1023,2714.62,98,Alimentos,Centro,0.46
1024,2182.2,85,Deportes,Norte,0.22
1025,4030.67,84,Electronica,Centro,
1026,503.01,75,Ropa,Oeste,0.33
1027,576.93,16,Hogar,,0.4
1028,1123.56,85,Hogar,Norte,0.42
1029,2075.71,,Deportes,Sur,0.19
1030,4964.18,51,Deportes,Oeste,0.32
1031,872.72,67,Ropa,Centro,0.12
1032,4215.94,34,Electronica,Oeste,0.08
1033,,20,Electronica,Norte,
1034,657.09,81,Ropa,Centro,0.09
1035,3632.93,49,Ropa,Centro,0.33
1036,559.1,16,Electronica,,0.14
1037,4564.03,13,,Norte,0.01
1038,2102.44,82,Electronica,Centro,0.4
1039,4274.77,44,Deportes,,0.24
1040,1276.23,78,,Sur,
1041,1827.63,4,Ropa,Oeste,0.11
1042,464.39,84,Deportes,Sur,0.37
1043,993.39,92,Deportes,Sur,0.2
1044,2441.72,55,Electronica,Oeste,0.14
1045,1767.81,9,Alimentos,Este,0.44
1046,4386.87,68,Alimentos,Sur,0.01
1047,367.84,48,,Este,0.16
1048,2839.51,30,Deportes,Centro,0.19
1049,3041.48,86,Hogar,Este,0.45
1050,253.05,6,Ropa,Centro,0.21
1051,2884.19,83,,Sur,0.29
1052,2017.04,68,Electronica,Oeste,
1053,1376.99,52,Electronica,Oeste,0.39
1054,3207.28,48,Electronica,Este,0.05
1055,3622.65,12,Deportes,Norte,0.45
1056,3925.8,39,Hogar,Sur,0.16
1057,2919.35,41,Hogar,Norte,0.38
1058,1206.41,63,Ropa,Este,0.16
1059,1768.28,32,Electronica,,0.37
1060,1066.31,60,Ropa,Centro,0.09
1061,1570.23,91,Ropa,Este,0.08
1062,2264.9,26,Ropa,Centro,0.09
1063,740.71,96,Alimentos,,0.01
1064,2265.94,71,Deportes,Este,0.22
1065,1366.58,84,Ropa,Centro,0.46
1066,3039.2,14,Ropa,Norte,0.32
1067,1197.64,36,Hogar,Sur,0.31
1068,4398.24,27,Deportes,Norte,0.1
1069,2518.68,62,Ropa,Norte,0.43
1070,1664.12,2,,Norte,0.21
1071,3802.5,,,Oeste,0.24
1072,4095.54,38,Ropa,Norte,0.26
1073,3682.25,95,Alimentos,Norte,0.27
1074,1509.16,67,Deportes,Este,0.43
1075,3642.44,,Ropa,Norte,0.43
1076,3706.36,47,Hogar,Este,0.04
1077,3395.61,58,Alimentos,Oeste,0.44
1078,4726.61,25,Alimentos,Norte,
1079,2277.86,45,Ropa,Sur,0.48
1080,1452.46,21,Electronica,Sur,0.14
1081,2967.39,40,Electronica,,
1082,4394.22,65,Electronica,Sur,0.38
1083,987.65,11,Ropa,Oeste,0.02
1084,4834.7,34,Hogar,Este,0.3
1085,700.19,33,Electronica,Oeste,0.28
1086,1882.95,56,Deportes,Este,0.26
1087,2141.21,53,,Norte,0.46
1088,3077.97,32,Deportes,Norte,0.19
1089,1966.33,1,Electronica,Este,0.38
1090,3251.15,13,Electronica,Centro,0.28
1091,3698.12,27,Ropa,Sur,0.28
1092,1557.9,1,Electronica,,0.31
1093,609.57,27,Hogar,,0.01
1094,2025.76,31,Hogar,Centro,0.27
1095,735.5,,Deportes,Centro,0.37
1096,2404.93,13,Hogar,Norte,0.25
1097,4068.4,37,,Centro,0.28
1098,4541.0,18,Ropa,Centro,0.36
1099,4513.24,66,Deportes,Sur,0.33
1100,3814.22,51,Hogar,Sur,0.42
1101,4637.42,68,Deportes,Centro,0.35
1102,342.51,,Hogar,Oeste,0.12
1103,1161.52,94,Hogar,Oeste,0.05
1104,314.32,5,Deportes,Norte,0.04
1105,1609.19,49,Ropa,Oeste,0.32
1106,1131.36,56,Deportes,,0.4
1107,485.55,,Deportes,Norte,0.0
1108,3413.39,94,Deportes,Centro,0.25
1109,3094.3,18,Electronica,Sur,0.22
1110,1494.64,30,,Este,0.27
1111,1260.65,9,Deportes,Centro,0.08
1112,2502.73,8,Alimentos,Norte,0.45
1113,1308.1,98,Alimentos,Norte,0.1
1114,369.19,79,,Oeste,0.38
1115,3064.1,71,Electronica,,0.06
1116,3253.43,39,Electronica,,0.44
1117,984.89,49,Electronica,Oeste,0.37
1118,2151.44,18,Alimentos,Este,0.06
1119,294.32,76,Deportes,Norte,
1120,1253.36,8,,Sur,0.09
1121,652.93,85,Deportes,Este,0.04
1122,4294.51,39,Ropa,Este,0.39
1123,2709.39,45,Alimentos,,0.35
1124,4207.92,40,Ropa,,0.11
1125,2204.19,15,Alimentos,Oeste,
1126,4825.66,79,Hogar,,0.01
1127,926.21,7,Electronica,Este,0.02
1128,4537.71,76,Deportes,Oeste,0.01
1129,4643.19,14,Alimentos,Centro,0.48
1130,2865.15,67,Ropa,Norte,0.48
1131,3414.58,32,Electronica,Este,0.15
1132,1256.31,99,Alimentos,Sur,0.06
1133,91.25,,Deportes,Norte,
1134,402.34,71,Alimentos,Oeste,0.03
1135,3153.54,80,Ropa,Oeste,0.12
1136,214.57,8,Electronica,Este,0.5
1137,228.44,14,Ropa,Centro,0.22
1138,4114.35,83,,Este,0.14
1139,2043.65,61,,Este,0.15
1140,4559.8,,Deportes,Este,0.4
1141,1897.3,85,Electronica,Sur,0.19
1142,4989.08,94,Deportes,Centro,0.37
1143,2624.62,35,Alimentos,Este,0.29
1144,1577.51,89,Alimentos,,0.37
1145,386.84,62,Deportes,Sur,0.22
1146,1228.49,87,Alimentos,Norte,0.07
1147,2108.01,74,Ropa,Norte,0.44
1148,2096.03,92,Electronica,Norte,0.37
1149,4949.72,68,Hogar,Sur,0.45
1150,599.55,44,Electronica,,0.31
1151,4749.85,81,Hogar,Sur,0.42
1152,2949.84,66,Alimentos,Oeste,0.45
1153,2195.74,76,Hogar,Centro,0.39
1154,2628.34,55,Ropa,,0.19
1155,4412.51,56,Electronica,Sur,0.29
1156,1372.87,22,Electronica,Este,0.46
1157,1038.18,97,,Centro,0.3
1158,38.29,4,Hogar,Centro,0.14
1159,2271.98,92,Hogar,Norte,0.42
1160,4965.42,15,Ropa,Este,0.4
1161,1680.01,95,Alimentos,Norte,0.39
1162,4662.18,41,Electronica,Norte,0.28
1163,2933.79,29,Ropa,Este,0.13
1164,3175.69,67,,,0.37
1165,1046.69,54,Ropa,Oeste,0.31
1166,4771.9,30,Hogar,Centro,0.33
1167,487.18,97,Ropa,Norte,0.21
1168,4781.8,45,Hogar,Oeste,0.35
1169,3437.67,,Hogar,,0.11
1170,1311.72,51,Electronica,Sur,0.21
1171,4093.53,53,Electronica,Centro,0.44
1172,650.43,93,Alimentos,Centro,
1173,250.83,69,Ropa,Sur,0.08
1174,1660.85,94,Deportes,Oeste,0.01
1175,216.21,4,Alimentos,Oeste,0.39
1176,660.31,35,Hogar,,0.04
1177,2710.78,13,Deportes,Este,0.4
1178,3718.7,59,Hogar,Oeste,0.13
1179,4834.6,62,Hogar,,0.35
1180,1971.26,70,Electronica,Sur,0.23
1181,2386.65,40,Electronica,Sur,0.4
1182,2451.61,19,Deportes,Norte,0.42
1183,1263.86,44,Deportes,Norte,0.02
1184,1050.07,63,Alimentos,Oeste,0.16
1185,4293.97,11,,Norte,0.21
1186,3742.0,57,Hogar,Centro,0.06
1187,3746.22,52,Alimentos,Este,
1188,3077.43,84,Deportes,Este,0.15
1189,1259.94,43,Ropa,Oeste,0.36
1190,,20,,Sur,0.5
1191,2690.97,8,,Sur,0.3
1192,75.58,37,Alimentos,Oeste,0.43
1193,2807.76,26,Alimentos,Centro,0.08
1194,3985.44,99,Deportes,Centro,0.29
1195,2369.67,30,Ropa,Oeste,0.05
1196,1620.07,7,Hogar,Centro,0.4
1197,1207.66,100,Deportes,Norte,0.24
1198,4211.75,82,Deportes,Este,0.36
1199,2791.74,45,Alimentos,Sur,0.43
1200,4382.09,25,Electronica,Este,0.09
1201,33.04,13,Electronica,Norte,0.46
1202,3210.16,90,,Norte,0.14
1203,4638.24,81,Deportes,Norte,0.09
1204,3066.54,91,Hogar,Norte,0.44
1205,3189.2,13,Deportes,Este,0.14
1206,4241.91,91,Alimentos,Oeste,0.49
1207,3340.27,25,Electronica,Norte,0.25
1208,997.42,23,Alimentos,Este,0.42
1209,2333.93,12,Electronica,Norte,0.23
1210,2957.79,99,Hogar,Sur,0.01
1211,3406.05,25,Hogar,Sur,0.37
1212,2827.37,25,Alimentos,Este,0.1
1213,1778.99,99,Ropa,,0.22
1214,1931.48,27,Alimentos,Centro,0.22
1215,3716.94,66,Electronica,Centro,0.13
1216,936.2,76,Electronica,Norte,0.28
1217,4347.3,,Electronica,Este,0.17
1218,2336.87,3,Hogar,Oeste,0.31
1219,1266.61,44,,Sur,0.2
1220,4504.82,54,Deportes,,0.13
1221,4612.16,90,Ropa,Este,0.1
1222,273.73,99,Hogar,,0.17
1223,4415.36,11,Ropa,Centro,0.43
1224,1874.42,45,Ropa,Oeste,0.27
1225,3532.59,13,Hogar,Este,0.16
1226,3653.21,51,Deportes,,0.17
1227,894.91,47,Hogar,Sur,0.41
1228,943.91,56,Ropa,Oeste,0.19
1229,2405.86,54,Electronica,Norte,0.2
1230,3664.69,52,Deportes,Oeste,0.01
1231,,86,Alimentos,Norte,0.39
1232,4013.08,48,Alimentos,Sur,0.36
1233,2660.9,87,Deportes,Centro,0.0
1234,3639.51,7,Hogar,Centro,0.02
1235,1265.37,38,Alimentos,Norte,0.01
1236,1491.93,,Hogar,Norte,0.37
1237,634.64,64,Deportes,Centro,0.14
1238,208.0,5,Electronica,Norte,0.49
1239,3185.52,52,Alimentos,Norte,
1240,2170.01,25,Deportes,Sur,0.5
1241,248.91,28,Ropa,Norte,0.22
1242,4549.18,35,Hogar,Este,
1243,2997.4,41,Ropa,,0.11
1244,3561.61,76,Hogar,Norte,0.3
1245,1601.62,20,Ropa,Este,0.37
1246,3305.19,11,Ropa,Centro,0.28
1247,1462.66,87,Deportes,Oeste,0.08
1248,3825.88,37,Deportes,Centro,0.25
1249,621.85,28,Ropa,Oeste,0.29
1250,1763.36,77,Alimentos,Centro,0.39
1251,4295.99,60,Ropa,Norte,0.46
1252,1673.6,23,Hogar,Oeste,0.05
1253,150.06,79,Hogar,Este,0.5
1254,836.46,88,Hogar,Sur,0.19
1255,811.09,31,Alimentos,Norte,0.47
1256,1039.0,32,Ropa,Centro,0.22
1257,4019.42,21,,Oeste,0.36
1258,4977.7,10,Deportes,Centro,0.48
1259,2673.18,,Hogar,Norte,0.36
1260,3584.54,84,Alimentos,Centro,0.39
1261,563.36,53,Hogar,Norte,0.07
1262,3470.11,91,Alimentos,Este,0.12
1263,3499.31,77,Deportes,Sur,
1264,2819.88,40,Hogar,Este,0.08
1265,4026.97,78,Electronica,Centro,0.19
1266,2923.25,93,Hogar,Sur,0.44
1267,3221.04,65,Hogar,Centro,0.19
1268,2422.57,86,Ropa,Centro,0.17
1269,3947.42,46,Electronica,Centro,0.28
1270,3708.18,5,Electronica,Centro,0.05
1271,2690.96,8,Ropa,Sur,0.26
1272,3588.31,78,Electronica,Sur,0.14
1273,309.02,75,Electronica,Norte,0.24
1274,586.45,26,Alimentos,Centro,0.29
1275,4525.42,57,Deportes,Norte,0.1
1276,2038.81,81,Alimentos,Centro,0.25
1277,1380.07,40,Ropa,Este,0.06
1278,2550.19,23,Hogar,Centro,0.22
1279,972.01,30,Deportes,Este,0.25
1280,1055.41,42,Ropa,Sur,0.38
1281,2584.75,77,Alimentos,Este,0.39
1282,1534.63,96,Hogar,,0.15
1283,281.26,83,Electronica,Sur,0.49
1284,3584.78,48,Hogar,Centro,
1285,3988.39,57,Alimentos,Centro,0.05
1286,4855.81,,Hogar,Centro,0.34
1287,301.29,44,Electronica,Norte,0.18
1288,3877.34,20,Deportes,Sur,0.29
1289,2735.19,72,,Norte,0.15
1290,3497.76,47,Ropa,Sur,0.22
1291,1668.4,91,Ropa,Oeste,0.3
1292,4031.29,68,Deportes,Norte,0.49
1293,4366.04,69,Electronica,Centro,0.29
1294,2661.15,12,Ropa,Oeste,0.23
1295,2331.25,95,Deportes,Centro,0.17
1296,3698.6,3,Hogar,,0.15
1297,2138.61,29,Ropa,Centro,0.38
1298,4466.75,74,Ropa,Centro,0.39
1299,4224.27,70,Ropa,Sur,0.03
1300,2124.3,28,Hogar,Oeste,0.01
1301,,95,Ropa,Oeste,0.02
1302,627.62,65,Ropa,Oeste,0.36
1303,1795.16,54,Alimentos,Centro,0.49
1304,2287.48,,Alimentos,Este,0.2
1305,2173.57,39,Hogar,Norte,0.35
1306,1377.21,42,Ropa,Sur,
1307,705.4,5,Alimentos,Oeste,0.4
1308,2099.1,67,Ropa,Norte,0.37
1309,154.75,52,Alimentos,,0.45
1310,,,Hogar,,0.37
1311,2994.54,21,Hogar,Norte,0.17
1312,2324.84,69,Electronica,Oeste,0.43
1313,1288.02,70,Hogar,Centro,0.31
1314,1100.46,19,Hogar,Centro,0.04
1315,1134.99,85,Deportes,Centro,0.36
1316,1337.3,42,Electronica,Oeste,0.33
1317,3972.0,2,Ropa,Norte,0.02
1318,2421.81,81,Ropa,Este,0.49
1319,593.51,99,Ropa,Oeste,0.17
1320,2284.3,44,Hogar,Centro,0.13
1321,1139.49,15,Alimentos,Oeste,0.36
1322,4698.05,65,Deportes,Sur,0.41
1323,997.39,68,Deportes,,0.08
1324,2699.59,68,Deportes,Sur,0.08
1325,4775.88,26,Alimentos,Centro,0.48
1326,4469.25,18,,Este,0.15
1327,3668.64,9,Ropa,Sur,0.21
1328,801.42,76,,Este,0.42
1329,2010.2,75,Alimentos,Norte,0.08
1330,2605.5,99,Alimentos,Centro,0.24
1331,2274.57,97,Electronica,Este,0.17
1332,2335.3,91,Ropa,Norte,0.4
1333,3018.56,47,Hogar,Norte,0.42
1334,1404.62,36,Alimentos,Norte,0.32
1335,,63,Alimentos,Oeste,0.25
1336,4187.87,67,,Norte,0.33
1337,591.78,47,Hogar,Norte,0.35
1338,3941.74,74,Hogar,Norte,0.02
1339,907.78,43,Hogar,Este,0.46
1340,3416.64,32,Alimentos,Sur,0.39
1341,3855.19,42,Ropa,Norte,0.38
1342,3083.93,30,Electronica,Este,0.15
1343,3199.18,26,Hogar,Sur,0.35
1344,1617.19,75,Alimentos,Centro,0.25
1345,3094.26,12,Hogar,Sur,0.3
1346,2666.47,50,Alimentos,Norte,0.48
1347,1128.0,32,Hogar,Sur,0.33
1348,1133.03,28,Deportes,Oeste,0.15
1349,2758.37,53,Deportes,Oeste,0.26
1350,3535.2,34,Ropa,Este,0.18
1351,3467.53,90,Deportes,Centro,0.27
1352,4037.23,93,Ropa,Centro,0.35
1353,2303.89,76,Deportes,Norte,0.48
1354,2385.75,9,Deportes,Norte,0.03
1355,2456.6,18,Deportes,Este,0.11
1356,2851.44,53,Alimentos,Centro,0.27
1357,3773.56,100,Ropa,Sur,0.31
1358,3869.8,24,Electronica,Norte,
1359,2872.14,50,Alimentos,Este,0.19
1360,3537.78,64,Alimentos,Norte,0.13
1361,3760.32,3,Alimentos,Norte,0.03
1362,2647.96,,Deportes,Norte,0.01
1363,946.47,24,Ropa,Centro,0.49
1364,2206.28,99,Electronica,Centro,0.07
1365,3969.27,40,Deportes,Norte,0.05
1366,3019.5,44,Hogar,Norte,0.46
1367,331.99,19,Hogar,,0.41
1368,4911.82,85,Deportes,Este,0.42
1369,2817.17,67,Alimentos,Sur,0.27
1370,3133.56,49,Deportes,Oeste,0.01
1371,4961.48,99,Ropa,Este,0.03
1372,3740.52,23,Electronica,Oeste,0.37
1373,4821.11,88,Ropa,Norte,0.37
1374,497.76,29,Ropa,Centro,0.04
1375,,27,Ropa,Este,0.06
1376,4935.49,48,Deportes,Este,0.2
1377,2117.09,81,Alimentos,Norte,0.47
1378,2071.13,25,Hogar,,0.24
1379,648.8,10,Hogar,,0.06
1380,841.0,88,Alimentos,Centro,0.35
1381,3806.14,26,Ropa,Norte,0.28
1382,551.17,50,Ropa,Este,0.38
1383,718.08,6,Ropa,Norte,0.25
1384,4743.2,33,Electronica,Sur,0.18
1385,2530.45,81,Hogar,,0.33
1386,2645.14,19,Electronica,Centro,0.16
1387,,93,Electronica,Norte,0.19
1388,2815.74,99,Electronica,Norte,0.43
1389,,61,Deportes,Sur,0.32
1390,3064.98,82,Deportes,Sur,0.46
1391,3187.28,50,Electronica,Este,0.44
1392,2302.36,70,Alimentos,Oeste,0.49
1393,2091.54,57,Hogar,Centro,0.23
1394,1088.71,25,Alimentos,Centro,0.36
1395,3961.43,40,Hogar,Centro,0.07
1396,1001.05,21,Hogar,,0.47
1397,2839.13,96,Deportes,Sur,0.38
1398,1585.87,95,Deportes,Norte,0.47
1399,3935.88,2,Electronica,Este,0.43
1400,757.26,9,Hogar,Sur,0.45
1401,511.99,20,Hogar,Centro,0.06
1402,3500.81,32,Hogar,Norte,0.33
1403,1907.84,22,Alimentos,Centro,0.29
1404,2239.43,,Alimentos,Este,0.34
1405,679.04,51,Ropa,Este,0.06
1406,3964.95,46,,Oeste,0.4
1407,1829.25,66,Hogar,Sur,0.26
1408,1197.83,58,Hogar,Este,0.17
1409,657.6,80,Alimentos,Oeste,
1410,184.74,90,Hogar,Este,0.18
1411,1734.46,25,Electronica,Este,0.13
1412,4479.62,,Ropa,Sur,0.38
1413,1188.54,10,,Centro,
1414,2915.86,59,Deportes,Sur,0.17
1415,3731.59,12,Ropa,Norte,0.05
1416,3129.13,26,Hogar,Centro,0.25
1417,311.03,1,Deportes,Sur,0.49
1418,3515.83,24,Hogar,Centro,0.38
1419,2064.35,28,Deportes,,0.41
1420,3419.24,21,Electronica,Oeste,0.03
1421,3823.35,2,Alimentos,Centro,0.34
1422,334.06,41,Hogar,Oeste,0.37
1423,4995.49,76,Hogar,Oeste,0.35
1424,4495.95,19,Ropa,Oeste,0.19
1425,3162.8,2,Ropa,Sur,0.41
1426,86.86,35,Alimentos,Centro,0.01
1427,953.78,64,Electronica,Norte,0.47
1428,1619.8,38,Ropa,Norte,0.26
1429,3159.39,40,Ropa,Este,0.21
1430,4036.59,48,,Sur,0.24
1431,1634.37,41,Alimentos,Centro,0.45
1432,3493.16,42,Deportes,Sur,0.29
1433,2351.41,,Deportes,Centro,0.05
1434,3014.99,94,Alimentos,Este,0.22
1435,299.81,82,Deportes,Sur,
1436,4783.55,41,Ropa,Centro,0.27
1437,1481.62,25,Hogar,Norte,0.25
1438,1025.18,4,,Sur,0.38
1439,1913.19,57,Alimentos,Centro,0.05
1440,818.69,3,Alimentos,Oeste,0.43
1441,3146.31,51,Alimentos,Centro,0.31
1442,,93,,,0.07
1443,2616.29,31,Electronica,Norte,0.18
1444,2727.83,83,Electronica,Oeste,0.35
1445,3815.01,30,Electronica,Sur,0.32
1446,215.67,20,Hogar,Oeste,0.07
1447,,64,Hogar,Norte,
1448,184.85,63,Deportes,Centro,
1449,825.07,69,Deportes,Centro,
1450,1945.16,97,Alimentos,Este,0.17
1451,2230.49,86,Electronica,Norte,0.2
1452,4371.8,73,Ropa,Este,0.15
1453,276.57,73,Electronica,Sur,0.42
1454,4302.49,93,Deportes,Oeste,0.16
1455,2985.72,86,Electronica,Centro,0.12
1456,61.0,1,Ropa,Este,0.19
1457,957.97,48,,Norte,0.21
1458,1317.31,27,Electronica,Oeste,0.32
1459,567.37,59,Alimentos,,0.29
1460,321.1,28,,Oeste,0.34
1461,4864.67,6,Alimentos,Sur,0.48
1462,126.94,25,,Centro,0.22
1463,2179.55,63,Alimentos,Centro,0.36
1464,4104.47,48,Ropa,Este,0.19
1465,2903.16,45,Hogar,Oeste,0.07
1466,2161.4,18,Deportes,Sur,0.18
1467,1720.55,81,Ropa,Centro,0.17
1468,4082.21,89,Deportes,Centro,0.41
1469,25.18,86,Alimentos,Este,0.37
1470,3985.58,51,Alimentos,Norte,0.41
1471,3221.29,89,,Centro,0.09
1472,2478.54,89,Ropa,Norte,0.12
1473,959.08,,Electronica,,0.1
1474,599.17,85,Hogar,Este,0.35
1475,2950.51,79,Hogar,Norte,0.34
1476,2370.62,97,Deportes,Oeste,0.05
1477,1902.94,98,Electronica,Norte,0.24
1478,3746.52,61,Hogar,Oeste,
1479,3420.7,87,Deportes,Este,0.47
1480,1943.95,84,Deportes,Oeste,0.13
1481,817.92,43,Electronica,Oeste,0.34
1482,1939.58,84,,Este,0.39
1483,2919.93,92,Electronica,Sur,0.35
1484,4733.63,57,Deportes,Este,0.4
1485,536.11,36,,Este,0.35
1486,2538.03,18,Ropa,Centro,0.08
1487,1318.72,85,Ropa,Este,0.21
1488,3508.86,,Alimentos,Norte,0.39
1489,4058.25,32,Hogar,Sur,0.4
1490,1942.35,70,Deportes,Norte,0.04
1491,4949.39,22,Alimentos,Este,0.38
1492,3763.09,,Alimentos,Centro,0.2
1493,1127.48,62,Ropa,Centro,0.4
1494,3866.63,4,Ropa,Norte,0.28
1495,1969.37,44,Alimentos,Oeste,0.27
1496,1933.54,89,Deportes,Centro,0.28
1497,1688.69,44,,Este,0.31
1498,2974.2,42,Alimentos,Este,0.28
1499,2060.64,55,Ropa,Este,0.09
1500,3431.47,71,Ropa,Este,0.4
1501,1032.64,44,Ropa,Este,0.32
1502,2298.1,33,Deportes,Norte,0.13
1503,4060.9,64,Alimentos,Oeste,0.5
1504,259.71,63,Electronica,Norte,0.24
1505,4007.49,9,Electronica,Oeste,0.27
1506,4457.1,2,Alimentos,Sur,0.49
1507,3020.29,71,,Sur,0.12
1508,4832.17,70,Deportes,Este,0.48
1509,627.19,53,Ropa,Este,0.23
1510,1197.66,75,Ropa,Norte,0.42
1511,2223.44,50,,Sur,0.38
1512,2460.14,68,Hogar,Centro,0.01
1513,726.86,90,Ropa,Oeste,0.08
1514,3576.09,49,,Sur,0.23
1515,328.15,3,Hogar,Oeste,0.17
1516,451.86,30,Ropa,Centro,0.46
1517,2997.53,5,Electronica,Sur,0.18
1518,3478.09,11,Ropa,Este,0.13
1519,934.17,22,Electronica,Sur,0.12
1520,2353.89,22,Electronica,,0.4
1521,4087.36,16,Ropa,Sur,0.28
1522,48.69,99,Electronica,Sur,0.41
1523,,17,Alimentos,Oeste,0.3
1524,553.83,82,Ropa,,0.02
1525,3995.2,51,Hogar,Centro,0.36
1526,3029.56,96,Ropa,Oeste,0.13
1527,186.9,48,Hogar,Este,0.06
1528,,97,Ropa,Centro,
1529,3747.38,39,Hogar,Oeste,0.07
1530,2328.7,60,Ropa,Norte,0.48
1531,270.33,50,,Centro,0.44
1532,207.42,62,Deportes,Norte,0.17
1533,3556.97,4,Hogar,Centro,0.32
1534,3110.75,7,Hogar,Centro,0.29
1535,,94,Ropa,Oeste,0.25
1536,3572.78,82,Electronica,Este,0.07
1537,214.25,18,Ropa,Centro,0.28
1538,4580.78,,Hogar,Sur,0.43
1539,4906.08,64,Alimentos,Este,0.33
1540,4778.56,72,Alimentos,Centro,0.45
1541,1398.43,32,Alimentos,Este,0.01
1542,3622.76,76,Ropa,Sur,0.43
1543,1247.45,13,Hogar,Este,0.25
1544,1216.26,85,Hogar,Oeste,0.16
1545,2368.5,,Hogar,Oeste,0.06
1546,2029.56,37,Deportes,Oeste,0.4
1547,507.8,95,Hogar,Sur,
1548,15.43,18,Alimentos,Norte,0.42
1549,,43,Electronica,Sur,0.5
1550,4485.8,63,Deportes,,0.3
1551,697.39,34,Hogar,Este,0.39
1552,,86,Deportes,Oeste,0.24
1553,4652.83,40,Ropa,,0.11
1554,4376.33,58,Alimentos,Centro,0.36
1555,2410.58,83,Alimentos,Sur,0.34
1556,3282.63,51,,Este,0.03
1557,4063.53,51,Alimentos,Oeste,0.43
1558,4790.54,90,Alimentos,Oeste,0.43
1559,1676.11,,Alimentos,Sur,0.26
1560,3855.45,92,Electronica,Centro,0.31
1561,743.29,95,Deportes,Centro,0.14
1562,987.32,94,Deportes,Oeste,0.23
1563,,53,,Oeste,0.48
1564,4570.96,30,Alimentos,Norte,0.42
1565,3343.82,51,,Oeste,0.27
1566,16.24,,Deportes,Norte,0.4
1567,4763.22,82,Hogar,Sur,0.38
1568,2764.03,31,Ropa,Sur,0.19
1569,,43,,Este,0.47
1570,1465.12,21,Electronica,Este,0.1
1571,2713.89,9,Electronica,Norte,0.08
1572,3973.16,23,Deportes,Norte,0.23
1573,3073.76,46,Ropa,Este,0.18
1574,4555.05,99,Ropa,Centro,0.03
1575,4955.61,45,Hogar,Centro,
1576,2015.28,80,Electronica,Sur,0.39
1577,4669.31,72,Ropa,Norte,0.19
1578,23.59,86,Electronica,Oeste,0.32
1579,4215.9,72,Deportes,Este,0.3
1580,4055.09,82,Alimentos,,0.16
1581,4695.55,18,Alimentos,Oeste,0.41
1582,4875.77,64,,Este,0.15
1583,469.92,68,Electronica,Este,0.43
1584,623.02,75,Deportes,Norte,0.12
1585,2746.94,89,Electronica,Norte,0.45
1586,4390.43,43,,Centro,0.03
1587,,6,Alimentos,Centro,0.18
1588,1241.64,24,Electronica,Sur,0.28
1589,4786.67,66,Alimentos,Sur,0.2
1590,1193.37,79,Alimentos,Centro,0.1
1591,2893.77,79,Deportes,Norte,0.06
1592,959.87,17,Ropa,Norte,0.41
1593,1253.73,,Alimentos,Centro,0.2
1594,,15,Ropa,Sur,0.01
1595,3929.06,42,Alimentos,Sur,0.19
1596,733.85,25,Hogar,Este,0.43
1597,1264.3,21,,Este,0.44
1598,556.53,37,,Centro,0.21
1599,2274.87,29,Hogar,Este,0.34
1600,1106.73,3,Deportes,Sur,0.32
1601,3607.61,89,Alimentos,Norte,0.43
1602,4785.98,37,Deportes,Centro,0.12
1603,2651.95,64,Alimentos,Centro,0.0
1604,1709.77,24,Alimentos,Este,0.15
1605,3146.09,78,Deportes,Sur,0.18
1606,4289.69,98,Deportes,,0.17
1607,2827.97,53,Electronica,Centro,0.1
1608,682.93,28,,Norte,0.02
1609,3216.88,27,Electronica,Centro,0.46
1610,3147.39,6,Electronica,Oeste,0.14
1611,1085.71,43,Deportes,Oeste,0.25
1612,4673.6,72,Deportes,,0.01
1613,864.48,95,Ropa,Este,
1614,3310.0,18,Ropa,Este,
1615,2161.95,21,Deportes,Oeste,0.0
1616,3823.27,20,Ropa,Centro,0.22
1617,4419.72,76,Hogar,Centro,0.46
1618,2838.63,55,Alimentos,Sur,0.42
1619,3992.52,26,Electronica,Norte,0.19
1620,638.26,95,Hogar,Centro,0.47
1621,4084.44,24,Electronica,Centro,0.12
1622,375.49,11,Alimentos,Sur,0.27
1623,,27,Electronica,Centro,0.4
1624,2113.5,11,Alimentos,Este,0.16
1625,,100,Electronica,Norte,
1626,828.8,82,Electronica,Centro,0.04
1627,290.95,78,Alimentos,Norte,
1628,2522.58,38,Deportes,Centro,0.04
1629,2458.24,10,Deportes,Este,0.41
1630,206.71,4,,Sur,
1631,3185.16,93,Deportes,Oeste,0.27
1632,1350.7,42,Ropa,Oeste,0.02
1633,2764.95,,Deportes,Centro,0.2
1634,1778.61,99,Deportes,Norte,0.32
1635,4010.96,51,Deportes,Este,0.26
1636,1297.01,23,Ropa,Oeste,0.24
1637,942.48,52,,Centro,0.08
1638,3631.32,83,Ropa,,0.37
1639,3783.61,93,Alimentos,Este,0.26
1640,4367.85,38,Alimentos,Norte,0.32
1641,3944.35,48,Electronica,Oeste,0.34
1642,2058.9,38,Electronica,Norte,0.48
1643,2782.67,23,Ropa,Norte,0.14
1644,1702.95,82,Ropa,Este,0.43
1645,2633.43,91,Electronica,Centro,0.36
1646,2334.92,16,Deportes,Sur,0.3
1647,677.86,29,Electronica,Norte,
1648,3061.32,98,Deportes,Centro,0.5
1649,2624.75,,,Centro,0.1
1650,3894.27,17,,Este,0.26
1651,3515.68,37,Hogar,Centro,0.3
1652,1961.85,45,Electronica,Centro,0.03
1653,2877.27,38,Electronica,Oeste,0.2
1654,4075.66,28,,Este,0.25
1655,388.34,5,Deportes,Norte,0.43
1656,3154.24,44,Electronica,Norte,0.47
1657,648.29,3,Electronica,Sur,0.47
1658,1992.16,98,Hogar,,
1659,1068.2,99,Hogar,Sur,0.45
1660,548.32,63,Deportes,Centro,0.28
1661,1455.55,15,,Oeste,0.45
1662,1716.33,86,Hogar,,0.37
1663,1874.64,7,Electronica,Norte,0.19
1664,4965.99,9,Electronica,Oeste,0.14
1665,2916.58,97,Hogar,Centro,0.29
1666,4348.55,71,Hogar,Centro,0.38
1667,2678.65,50,Deportes,Norte,0.28
1668,4437.26,25,Ropa,Sur,0.45
1669,2152.22,8,Hogar,Norte,0.35
1670,2091.43,83,Ropa,Sur,0.37
1671,3314.4,84,Deportes,Este,0.48
1672,4486.77,85,Deportes,Norte,0.07
1673,4245.61,76,Alimentos,Centro,0.27
1674,1894.59,10,Hogar,Sur,0.11
1675,4037.13,44,Ropa,Oeste,0.38
1676,1206.8,40,Electronica,Sur,0.14
1677,1122.55,,Hogar,,0.22
1678,4169.38,65,Deportes,Norte,0.04
1679,,68,Deportes,,0.32
1680,276.35,23,Hogar,Sur,0.26
1681,1844.96,35,Hogar,Oeste,
1682,3573.01,18,Ropa,Este,0.38
1683,,96,Hogar,Sur,0.36
1684,4662.76,100,Deportes,Sur,0.2
1685,2272.06,17,Ropa,Oeste,0.16
1686,2725.7,2,Electronica,,0.5
1687,1902.25,55,Ropa,Centro,0.26
1688,1728.1,28,Alimentos,Norte,0.45
1689,847.62,7,Electronica,Este,0.2
1690,1186.36,33,Ropa,Oeste,0.2
1691,855.74,2,Deportes,Sur,0.32
1692,970.96,54,Hogar,Centro,0.27
1693,3790.6,30,Deportes,Este,0.27
1694,1695.66,58,Deportes,Oeste,0.01
1695,4635.89,62,Ropa,Centro,0.2
1696,736.99,47,Ropa,Este,0.19
1697,800.29,87,Deportes,Norte,0.18
1698,2027.65,10,Deportes,Centro,0.39
1699,2286.34,6,Ropa,Centro,0.27
1700,3917.83,21,Electronica,Sur,0.46
1701,2713.7,77,Ropa,Centro,0.13
1702,3678.45,81,Deportes,Norte,0.04
1703,2209.82,23,Hogar,Sur,0.27
1704,,36,Hogar,Centro,0.04
1705,2712.17,74,Ropa,Sur,0.25
1706,2886.14,96,Alimentos,Norte,
1707,935.25,31,Alimentos,Oeste,0.35
1708,3099.6,73,Ropa,Centro,
1709,3733.63,35,Deportes,Sur,0.47
1710,4077.06,82,Deportes,Oeste,0.48
1711,1114.87,70,Alimentos,Este,0.46
1712,3404.24,69,Ropa,Este,0.36
1713,4843.3,76,Deportes,Este,0.35
1714,4302.95,14,Hogar,Oeste,0.2
1715,2795.63,,Alimentos,Sur,0.24
1716,3117.79,66,Hogar,Sur,0.04
1717,,91,Electronica,Sur,0.12
1718,445.6,14,Ropa,Sur,0.16
1719,2381.9,68,Alimentos,,0.4
1720,1332.44,90,Electronica,,0.4
1721,2285.88,16,Deportes,Sur,0.26
1722,38.6,31,Alimentos,Sur,0.26
1723,2789.25,100,Deportes,Oeste,0.03
1724,1401.29,18,Alimentos,Este,0.17
1725,2112.71,41,Deportes,Centro,0.42
1726,4838.33,55,Electronica,Norte,0.01
1727,1537.67,76,Ropa,Norte,0.12
1728,4343.08,1,Hogar,Sur,0.24
1729,1423.13,67,Hogar,Sur,0.19
1730,4494.85,93,Electronica,Centro,0.32
1731,3519.9,37,Ropa,Norte,0.48
1732,956.17,26,Alimentos,Norte,0.44
1733,45.53,32,Deportes,Norte,0.24
1734,3835.84,91,Alimentos,Este,0.23
1735,4866.61,35,Electronica,Centro,0.19
1736,4084.26,95,Electronica,Centro,0.45
1737,3592.85,83,Ropa,Sur,0.03
1738,3278.7,4,Deportes,Sur,0.09
1739,4408.39,94,Electronica,Sur,0.16
1740,723.65,42,Deportes,Centro,0.35
1741,2781.94,54,Hogar,Oeste,0.36
1742,4709.78,34,Hogar,Norte,0.29
1743,2236.9,75,Electronica,Este,0.09
1744,4505.86,68,Alimentos,Centro,0.36
1745,2597.13,4,Alimentos,Norte,0.38
1746,870.47,34,Hogar,Centro,0.24
1747,2194.66,89,Deportes,Sur,0.35
1748,1974.76,97,,,0.41
1749,1185.26,11,Electronica,Este,0.43
1750,819.21,94,Ropa,Sur,0.46
1751,3650.19,45,Alimentos,Centro,0.05
1752,3062.34,1,Deportes,Centro,0.5
1753,730.19,,Electronica,Oeste,0.08
1754,3764.54,15,Electronica,Norte,0.37
1755,907.63,93,Alimentos,Centro,
1756,4662.35,80,Ropa,Este,0.11
1757,71.98,84,Electronica,Este,0.41
1758,455.05,,Alimentos,Centro,0.2
1759,4910.01,37,Ropa,Este,0.01
1760,1753.13,9,,Centro,0.37
1761,645.38,64,Hogar,Este,0.39
1762,4676.17,70,Ropa,Este,0.15
1763,4441.07,4,,Centro,0.24
1764,1157.88,8,Electronica,Centro,0.31
1765,,17,Electronica,Este,0.27
1766,797.2,81,Alimentos,,0.11
1767,89.22,52,Hogar,Este,0.28
1768,1857.59,100,Ropa,Este,0.19
1769,536.59,33,,,0.0
1770,3919.09,27,Hogar,Norte,
1771,1384.47,63,Deportes,Este,0.26
1772,744.92,,Hogar,Centro,0.49
1773,,32,Electronica,Este,0.36
1774,2655.82,39,Ropa,,0.2
1775,912.72,68,Deportes,Norte,0.22
1776,2808.48,86,Ropa,Oeste,0.39
1777,4192.46,56,Deportes,Sur,0.04
1778,2377.64,,Alimentos,Centro,0.2
1779,,15,Electronica,Norte,0.29
1780,,75,Deportes,Este,0.38
1781,1578.66,91,,Centro,0.39
1782,,83,Hogar,Centro,0.41
1783,3196.21,26,Hogar,Centro,0.22
1784,514.77,13,Hogar,Este,0.24
1785,4155.43,56,Deportes,Centro,0.37
1786,574.12,2,Hogar,Sur,0.41
1787,,66,Electronica,Norte,0.45
1788,3305.48,81,Deportes,Norte,0.31
1789,3423.31,74,Deportes,Sur,0.25
1790,422.09,3,Alimentos,Centro,0.27
1791,,10,Alimentos,Sur,0.46
1792,2259.2,46,Hogar,Este,0.37
1793,62.61,4,Hogar,Sur,0.02
1794,1904.35,77,Ropa,Oeste,0.38
1795,2954.2,77,Hogar,Oeste,0.28
1796,4995.25,62,,Norte,0.03
1797,3953.4,55,Deportes,Sur,0.21
1798,3372.59,71,Electronica,Oeste,0.17
1799,4295.67,83,,Oeste,0.15
1800,1418.78,50,Hogar,,0.36
1801,1565.41,2,Ropa,Este,0.17
1802,1219.57,36,Deportes,Sur,0.06
1803,2003.65,30,Alimentos,Sur,0.44
1804,3765.71,74,Electronica,Sur,0.01
1805,569.17,93,Ropa,Sur,0.33
1806,544.26,93,Ropa,,0.0
1807,2783.69,43,Alimentos,Este,0.35
1808,2480.48,79,,Este,0.16
1809,3939.55,9,Electronica,Sur,0.37
1810,2974.76,70,Electronica,Oeste,0.27
1811,731.57,57,Ropa,Centro,0.26
1812,1975.63,34,Ropa,Centro,0.31
1813,3094.63,65,Electronica,Centro,0.16
1814,1571.21,15,Ropa,,0.07
1815,2391.39,90,,Oeste,0.44
1816,3415.42,77,Ropa,Sur,0.39
1817,3548.24,66,Hogar,Norte,0.16
1818,,74,Deportes,Norte,0.07
1819,1884.8,36,Hogar,Oeste,0.37
1820,3946.94,2,Alimentos,Oeste,0.47
1821,4462.86,40,Deportes,Norte,0.48
1822,1216.37,34,Ropa,Este,0.44
1823,275.69,43,Electronica,Oeste,0.17
1824,937.76,38,Hogar,Oeste,0.38
1825,676.01,9,Electronica,Centro,0.05
1826,1259.75,82,Deportes,,0.03
1827,2583.77,92,Electronica,Centro,0.28
1828,1795.03,2,Hogar,Sur,0.14
1829,2127.82,15,Ropa,Oeste,0.03
1830,2153.27,94,,Sur,0.38
1831,1327.31,40,Ropa,Este,0.34
1832,3763.35,7,Alimentos,Este,
1833,2338.78,26,Ropa,Oeste,0.04
1834,2688.65,94,Electronica,Oeste,0.34
1835,1218.27,83,Ropa,Centro,0.08
1836,3426.99,61,Electronica,Oeste,0.01
1837,4134.37,92,Ropa,Centro,0.02
1838,728.41,30,Electronica,Norte,0.11
1839,3577.2,61,,Sur,0.26
1840,1275.69,47,Ropa,Este,0.21
1841,2378.18,58,,Este,0.28
1842,2980.8,59,Deportes,Centro,0.26
1843,2130.8,66,Deportes,,0.44
1844,1575.94,18,Ropa,Sur,0.05
1845,,94,Alimentos,Sur,0.27
1846,4159.05,76,Electronica,Norte,0.26
1847,3299.36,51,Ropa,Centro,0.08
1848,4621.15,72,Electronica,,0.08
1849,4445.37,,Electronica,,0.19
1850,,77,Hogar,Norte,0.28
1851,,38,Electronica,Sur,0.19
1852,1450.37,32,Electronica,Este,0.04
1853,3756.62,83,Deportes,Norte,0.16
1854,,99,Ropa,,0.23
1855,1398.34,96,,,0.22
1856,2182.38,86,,Oeste,0.13
1857,1498.96,12,Alimentos,,0.45
1858,1623.04,76,,Este,0.31
1859,3802.24,71,Deportes,Oeste,0.28
1860,3036.63,68,Deportes,Centro,0.22
1861,3303.76,79,Hogar,Oeste,0.02
1862,2848.9,3,,Oeste,0.12
1863,3821.18,81,Hogar,,0.28
1864,2768.71,,Ropa,Oeste,0.45
1865,2554.93,16,Ropa,Oeste,0.23
1866,3921.37,87,Electronica,Centro,0.32
1867,693.17,21,Deportes,,0.47
1868,3537.13,34,Electronica,Este,0.18
1869,1867.38,6,Deportes,Este,0.39
1870,5.3,94,Ropa,Este,
1871,4753.44,28,Ropa,Centro,0.14
1872,4437.68,36,Deportes,Centro,
1873,3445.79,31,,Centro,0.5
1874,3975.23,62,Electronica,Centro,0.39
1875,10.12,60,Electronica,Oeste,0.05
1876,4401.16,30,Deportes,Norte,0.43
1877,,56,,Norte,0.34
1878,2872.14,92,Ropa,Centro,0.15
1879,2967.52,53,Hogar,Oeste,0.3
1880,445.01,93,Alimentos,Norte,0.07
1881,3853.71,5,Deportes,Oeste,0.02
1882,919.96,38,Alimentos,Centro,0.44
1883,4120.16,20,Deportes,Oeste,0.03
1884,2943.49,92,Deportes,Este,0.45
1885,1593.01,81,Deportes,,0.15
1886,2230.35,36,Alimentos,Este,0.2
1887,801.48,94,Alimentos,Este,0.3
1888,2469.46,94,Electronica,Norte,
1889,4983.92,65,Electronica,Este,0.05
1890,2228.7,88,,Este,0.08
1891,1579.06,35,Electronica,Sur,0.04
1892,4506.08,73,,Norte,0.48
1893,559.41,93,Deportes,Centro,0.45
1894,2193.12,,Ropa,Oeste,0.05
1895,252.34,96,,Norte,0.18
1896,,37,Electronica,Centro,0.31
1897,1390.78,5,Alimentos,,0.21
1898,3136.17,29,Ropa,Este,0.17
1899,3751.46,88,Electronica,,0.07
1900,2437.03,2,Deportes,,0.2
1901,3587.06,6,Deportes,Sur,0.45
1902,4782.3,73,Alimentos,Norte,0.15
1903,,49,Electronica,Este,0.42
1904,369.03,49,Alimentos,Centro,0.07
1905,2912.65,85,Ropa,Norte,0.35
1906,3687.46,,Hogar,Norte,
1907,33.06,70,Electronica,Norte,0.21
1908,1965.95,18,Alimentos,Oeste,0.0
1909,4382.9,70,Electronica,Centro,0.43
1910,1561.87,30,Ropa,Sur,0.12
1911,1771.85,33,,Norte,0.23
1912,577.1,21,,Sur,0.38
1913,3977.33,22,Electronica,Oeste,0.45
1914,3433.55,56,Deportes,Centro,0.06
1915,3653.0,73,Electronica,Centro,0.35
1916,,99,Deportes,Norte,0.12
1917,1880.31,66,Deportes,Este,0.24
1918,3288.5,18,Electronica,Sur,0.38
1919,2685.59,30,,Este,0.47
1920,1397.41,17,Electronica,Este,0.43
1921,3554.15,87,,,0.31
1922,258.28,90,Hogar,Sur,0.43
1923,520.66,25,Ropa,Oeste,
1924,239.94,26,Electronica,Centro,
1925,4141.74,46,Ropa,Norte,0.29
1926,3260.55,12,Electronica,Oeste,0.44
1927,209.18,75,Electronica,Centro,0.27
1928,339.07,21,Electronica,Norte,0.04
1929,1837.63,48,Hogar,Norte,0.21
1930,3503.63,11,Electronica,Este,0.4
1931,3917.2,5,Alimentos,Sur,0.22
1932,2839.93,39,Ropa,Oeste,0.19
1933,4410.91,38,Ropa,Este,0.13
1934,2776.25,87,Electronica,Oeste,0.34
1935,2972.62,13,Ropa,Norte,0.47
1936,2856.61,29,Ropa,Este,0.17
1937,4870.67,47,Ropa,Sur,0.18
1938,178.5,10,Deportes,Norte,0.42
1939,3595.25,60,Alimentos,Oeste,0.2
1940,3561.97,35,Alimentos,Este,0.47
1941,2185.75,35,Deportes,Norte,0.47
1942,4530.19,23,Electronica,Centro,0.18
1943,1535.22,44,Alimentos,Oeste,0.2
1944,2236.19,31,Alimentos,Este,
1945,2944.56,24,Alimentos,Centro,0.47
1946,3964.23,54,Alimentos,Norte,0.15
1947,2066.18,59,Electronica,,0.48
1948,3655.7,68,Electronica,,0.46
1949,2235.94,72,Alimentos,Sur,0.08
1950,4529.69,34,Hogar,,0.34
1951,3215.86,83,Hogar,Sur,0.34
1952,2226.32,74,Ropa,Norte,0.34
1953,314.42,98,Hogar,Norte,0.18
1954,,42,,,0.33
1955,4282.39,17,Ropa,Norte,0.09
1956,1137.41,16,Electronica,Sur,0.11
1957,996.31,80,Hogar,Norte,0.35
1958,936.5,63,Deportes,Sur,0.17
1959,746.05,89,Ropa,Centro,0.22
1960,12.11,61,Ropa,Sur,0.41
1961,2119.02,45,Electronica,Oeste,0.23
1962,,78,Ropa,Sur,0.48
1963,497.86,20,Deportes,Centro,0.18
1964,3162.44,12,Hogar,Este,0.25
1965,1295.06,26,Ropa,Sur,0.38
1966,4912.45,21,Deportes,Sur,0.25
1967,4952.0,73,Ropa,Este,0.41
1968,1888.25,80,Electronica,Sur,0.17
1969,3178.98,32,Alimentos,Oeste,0.32
1970,4139.23,,Alimentos,Centro,0.11
1971,72.69,29,Deportes,Oeste,0.09
1972,4141.72,47,Hogar,,0.16
1973,2845.54,81,Alimentos,,0.18
1974,4591.97,55,Deportes,Centro,0.28
1975,2956.72,64,Electronica,Norte,0.09
1976,2175.81,2,Ropa,Norte,0.43
1977,371.09,32,Hogar,Centro,0.21
1978,2032.89,67,Hogar,Centro,0.04
1979,930.94,50,Deportes,Centro,0.01
1980,3245.5,31,Deportes,Este,0.47
1981,3015.08,49,Deportes,Sur,0.09
1982,727.93,76,Hogar,Este,0.42
1983,2817.39,37,,Centro,0.36
1984,1534.32,98,Deportes,Este,0.2
1985,449.69,50,Alimentos,Norte,0.21
1986,,41,,Este,0.24
1987,3084.21,57,Alimentos,Oeste,0.44
1988,1033.41,76,Electronica,Sur,0.0
1989,3373.73,31,Deportes,Centro,0.43
1990,3818.44,45,Alimentos,Este,0.21
1991,4710.77,29,,Centro,0.13
1992,2849.08,32,Alimentos,Oeste,0.12
1993,2876.72,53,Deportes,Sur,0.26
1994,,54,Ropa,Centro,0.36
1995,4412.27,35,Deportes,Norte,0.08
1996,580.14,6,Alimentos,Oeste,0.15
1997,2365.73,100,,Oeste,0.12
1998,1910.6,93,Ropa,Este,0.28
1999,3895.03,60,Deportes,Este,0.2
2000,3141.88,1,Deportes,Norte,0.22
2001,1805.68,34,Electronica,Centro,0.2
2002,245.05,24,Ropa,,0.2
2003,1553.59,34,,Oeste,0.33
2004,2081.35,87,Electronica,,0.2
2005,4942.94,91,Hogar,Norte,0.07
2006,4024.56,85,Hogar,Norte,0.22
2007,4208.15,30,Electronica,Centro,0.4
2008,1405.25,24,Ropa,Sur,0.17
2009,770.82,2,Electronica,Norte,0.07
2010,1101.2,60,Hogar,Este,0.37
2011,58.48,19,Alimentos,Norte,0.3
2012,3210.57,11,Deportes,Este,0.09
2013,857.28,,Electronica,Este,0.46
2014,4733.01,95,,Sur,0.46
2015,3311.28,7,Hogar,Este,0.03
2016,2734.59,14,Hogar,Este,0.24
2017,3113.38,24,Deportes,Oeste,0.03
2018,3389.8,44,Alimentos,Centro,0.47
2019,1719.49,69,Ropa,Oeste,0.13
2020,942.19,10,Electronica,Oeste,0.05
2021,214.61,89,Electronica,Norte,0.4
2022,252.17,38,Deportes,Norte,0.4
2023,3099.03,46,Electronica,Sur,0.16
2024,4527.05,96,Ropa,,0.11
2025,752.52,23,Deportes,Oeste,0.16
2026,965.83,95,Ropa,Este,
2027,2216.88,3,Deportes,Este,0.42
2028,,22,Hogar,Este,
2029,3831.61,88,Ropa,Sur,0.13
2030,4388.85,54,Hogar,Sur,0.09
2031,1796.67,54,Ropa,Sur,0.2
2032,,93,Electronica,Oeste,0.08
2033,762.42,97,Ropa,Sur,0.29
2034,865.94,38,,Este,0.48
2035,3119.39,,Electronica,Centro,0.17
2036,207.04,69,Electronica,Norte,0.11
2037,763.44,23,Electronica,Centro,0.19
2038,2180.02,64,,Norte,0.15
2039,1314.41,50,Electronica,,0.15
2040,2852.24,64,Alimentos,Oeste,0.26
2041,1412.44,96,Ropa,Sur,0.37
2042,708.84,19,,Norte,0.1
2043,3060.61,15,Deportes,Norte,0.24
2044,4314.19,98,Alimentos,Centro,0.3
2045,808.61,15,Hogar,Norte,0.01
2046,3726.9,8,Ropa,Sur,
2047,946.82,42,Ropa,Sur,0.16
2048,14.55,89,Ropa,Centro,0.21
2049,316.93,69,Hogar,Sur,0.08
2050,2781.27,65,Ropa,Oeste,0.19
2051,3736.18,82,Hogar,Oeste,0.32
2052,2173.1,100,Deportes,Sur,0.49
2053,3585.9,87,Alimentos,Oeste,0.25
2054,3642.97,62,Electronica,Oeste,0.47
2055,479.38,,Ropa,,0.36
2056,2693.44,84,,Centro,0.12
2057,2051.71,65,Deportes,Sur,0.18
2058,1498.05,23,Ropa,Oeste,0.01
2059,4766.94,50,Electronica,Oeste,0.31
2060,3085.63,21,Hogar,Norte,0.11
2061,3692.18,75,Hogar,Centro,0.01
2062,2953.38,9,Electronica,Centro,0.29
2063,2289.14,64,Deportes,Este,0.18
2064,2547.75,65,Alimentos,Centro,0.06
2065,1720.1,75,Alimentos,Centro,0.27
2066,,2,Hogar,Este,0.08
2067,595.75,5,Hogar,Centro,0.07
2068,310.73,23,Electronica,Norte,0.42
2069,2700.42,86,Deportes,Centro,0.16
2070,2371.27,96,Ropa,,0.28
2071,2238.16,2,Alimentos,Oeste,
2072,4443.58,46,Alimentos,Norte,0.01
2073,3837.43,57,Alimentos,Centro,0.33
2074,3807.04,3,Electronica,,0.27
2075,1024.2,89,Alimentos,Este,0.12
2076,2978.55,,Deportes,Oeste,0.33
2077,1874.26,5,Alimentos,Centro,0.39
2078,4361.85,55,Electronica,Este,0.09
2079,4659.69,38,Hogar,Este,0.01
2080,3425.25,77,Ropa,Este,0.22
2081,,18,Ropa,Centro,0.36
2082,3706.41,85,Hogar,Sur,0.05
2083,2319.26,99,Deportes,Este,0.32
2084,1609.54,24,Alimentos,Este,0.15
2085,582.7,63,,Norte,0.04
2086,3185.48,77,Hogar,Este,0.22
2087,1786.33,57,Alimentos,Oeste,0.37
2088,2905.0,74,Deportes,Este,0.13
2089,2555.17,,Electronica,Sur,0.26
2090,2608.22,24,Deportes,Centro,0.02
2091,3973.05,61,Ropa,Norte,0.14
2092,615.52,53,Ropa,Centro,0.33
2093,2561.86,46,Hogar,Oeste,0.24
2094,1897.61,51,Ropa,Sur,0.03
2095,2880.08,81,Electronica,Centro,0.13
2096,149.82,,Alimentos,Centro,
2097,,88,Deportes,Centro,0.08
2098,1441.01,50,Alimentos,Centro,0.47
2099,2916.28,72,Hogar,Centro,0.19
2100,2601.9,95,Electronica,Centro,0.3
2101,2696.37,85,Alimentos,Sur,0.42
2102,4536.98,11,Deportes,Este,0.46
2103,4055.37,27,Hogar,Norte,0.38
2104,3631.97,27,Deportes,Norte,0.17
2105,3050.72,69,Electronica,Norte,0.47
2106,3087.89,93,Hogar,Norte,0.42
2107,743.3,55,Electronica,Este,0.11
2108,2694.61,,,Este,0.48
2109,3368.31,,Deportes,,0.06
2110,4288.96,74,Alimentos,Sur,0.15
2111,216.1,68,Deportes,Norte,0.27
2112,309.68,28,,Centro,0.1
2113,1898.68,57,Deportes,Sur,0.35
2114,1213.76,91,Alimentos,Oeste,
2115,3166.18,86,Hogar,Oeste,0.33
2116,1788.56,15,Deportes,,0.15
2117,2542.75,63,Deportes,Oeste,0.01
2118,1718.86,23,Electronica,Oeste,0.19
2119,4467.04,90,Ropa,Este,0.47
2120,1331.68,16,Deportes,,
2121,1073.9,63,Deportes,Este,0.21
2122,3383.78,68,Ropa,Centro,0.11
2123,3987.45,52,Deportes,Norte,0.38
2124,869.8,36,Alimentos,Este,0.25
2125,3536.02,99,Hogar,Este,0.37
2126,111.26,71,Hogar,Este,0.49
2127,3829.5,,Deportes,Centro,0.1
2128,2744.14,96,Ropa,Oeste,0.26
2129,4147.85,92,,Este,
2130,4130.39,3,Alimentos,Norte,0.06
2131,343.76,30,Alimentos,Sur,0.31
2132,,9,Hogar,Este,
2133,1079.38,100,,Centro,0.28
2134,4773.98,19,Deportes,Centro,0.27
2135,3723.32,74,Hogar,Sur,0.09
2136,74.87,89,Electronica,Centro,0.11
2137,966.13,56,,,0.19
2138,2246.01,8,,Sur,0.08
2139,4013.93,9,Deportes,,0.1
2140,2381.6,8,Deportes,Norte,0.12
2141,1084.86,25,Ropa,Sur,0.02
2142,1906.47,,Hogar,Norte,0.44
2143,,41,Hogar,Oeste,0.35
2144,840.08,9,Ropa,Sur,0.0
2145,3799.08,17,Electronica,Sur,0.07
2146,2940.63,19,Electronica,Este,0.46
2147,2233.16,24,Hogar,Este,0.01
2148,1127.12,53,Deportes,,0.23
2149,674.01,89,Electronica,Norte,0.27
2150,556.65,69,Hogar,Oeste,0.42
2151,3517.08,69,Deportes,Sur,0.13
2152,1899.95,2,Electronica,Sur,0.13
2153,3288.46,73,Deportes,Oeste,0.02
2154,256.51,93,Ropa,Sur,0.47
2155,3928.19,36,Electronica,Norte,0.25
2156,4827.49,36,Ropa,,0.07
2157,3718.68,96,Electronica,Sur,0.01
2158,,,Hogar,Centro,0.19
2159,29.12,74,Alimentos,Norte,0.28
2160,,12,Ropa,Oeste,0.38
2161,2286.45,87,Deportes,,0.39
2162,,44,Deportes,Este,0.49
2163,207.95,,Alimentos,Sur,0.42
2164,4452.14,32,Electronica,Centro,0.04
2165,1850.05,65,Ropa,Sur,0.29
2166,4025.57,9,Hogar,Oeste,0.16
2167,4717.53,33,Hogar,Sur,0.45
2168,481.98,35,Deportes,Centro,0.36
2169,693.18,58,Ropa,Oeste,0.38
2170,2656.74,9,Hogar,Este,0.34
2171,967.3,29,,Centro,0.23
2172,3859.09,71,Hogar,Sur,0.05
2173,4872.89,3,Electronica,,0.43
2174,1099.22,53,Deportes,Sur,
2175,152.98,96,Deportes,Oeste,0.1
2176,452.41,,Electronica,Oeste,0.47
2177,1628.89,99,Alimentos,Norte,0.46
2178,1530.78,19,Alimentos,Norte,0.21
2179,445.12,47,Ropa,Este,0.37
2180,748.76,72,Deportes,Este,0.04
2181,3748.52,59,Electronica,Oeste,0.09
2182,1940.2,90,Alimentos,Centro,0.48
2183,4419.95,70,Deportes,Oeste,0.43
2184,3313.65,82,Electronica,Este,0.01
2185,2419.45,19,Ropa,Este,0.16
2186,4394.13,71,Hogar,Centro,0.06
2187,1784.62,74,Alimentos,Norte,0.01
2188,509.87,64,Ropa,Norte,0.27
2189,2148.03,44,Deportes,Norte,0.39
2190,1389.75,69,Alimentos,Norte,
2191,496.21,6,Alimentos,Este,0.08
2192,3632.41,4,Deportes,Sur,0.2
2193,506.9,65,Electronica,Sur,0.49
2194,2236.38,80,Alimentos,,0.48
2195,,61,Hogar,Centro,0.12
2196,3810.83,6,Hogar,Sur,0.05
2197,4699.83,79,Alimentos,Este,0.5
2198,3182.48,43,Electronica,Oeste,0.46
2199,1691.8,16,Deportes,Oeste,
2200,22.3,60,Electronica,Norte,0.03
2201,2764.86,100,Ropa,Centro,0.49
2202,1924.07,100,Ropa,,0.1
2203,2800.49,1,,Centro,0.14
2204,1762.73,65,Alimentos,Este,
2205,3841.32,51,Hogar,Oeste,0.08
2206,3818.27,59,,Este,0.33
2207,3100.62,74,Ropa,Norte,0.46
2208,4194.45,19,Ropa,Norte,0.0
2209,4775.18,99,Ropa,Norte,0.39
2210,4329.18,37,,,0.15
2211,540.15,10,Ropa,Norte,0.16
2212,3599.88,92,Ropa,Centro,0.19
2213,1167.2,12,,Este,
2214,2105.95,20,Hogar,Norte,0.41
2215,1237.68,96,Electronica,Oeste,0.43
2216,496.91,48,Alimentos,Oeste,0.25
2217,3199.26,77,Ropa,Este,0.11
2218,3692.04,99,Electronica,Oeste,0.39
2219,2306.16,65,Hogar,Sur,0.18
2220,3614.69,63,Ropa,Este,0.49
2221,4203.48,42,Ropa,Este,0.34
2222,3759.95,52,Deportes,Norte,0.45
2223,2145.91,58,Hogar,Sur,0.19
2224,1045.19,52,Ropa,Centro,0.35
2225,2522.23,7,,Centro,0.34
2226,2958.65,8,Alimentos,,0.39
2227,3438.08,78,Electronica,Este,0.24
2228,2249.61,100,Alimentos,Norte,
2229,2503.46,64,Electronica,Norte,0.17
2230,3907.38,24,Ropa,Sur,0.43
2231,3532.3,83,Hogar,Oeste,0.05
2232,607.86,55,Deportes,Este,0.39
2233,2764.67,30,Electronica,Centro,
2234,,23,Deportes,Norte,0.45
2235,4896.6,87,,Norte,0.25
2236,2255.63,98,Electronica,Sur,
2237,3893.77,88,,Sur,
2238,4176.48,36,Hogar,Este,0.11
2239,2168.99,72,Deportes,,
2240,4648.49,21,Deportes,Centro,0.31
2241,3025.53,90,Electronica,Centro,0.38
2242,1941.15,7,Electronica,Oeste,0.39
2243,2265.55,22,Alimentos,Centro,0.08
2244,3119.03,48,Deportes,Oeste,
2245,18.93,47,,,0.42
2246,,14,Electronica,Norte,0.42
2247,3884.26,31,Electronica,Sur,0.14
2248,1745.74,27,Electronica,,0.48
2249,4529.81,45,Ropa,Este,0.03
2250,3590.98,29,Deportes,Sur,0.29
2251,3776.49,21,Deportes,Norte,0.12
2252,138.13,95,Alimentos,Norte,0.32
2253,2901.04,43,Deportes,Sur,0.2
2254,593.93,64,Deportes,Sur,0.04
2255,79.36,100,Hogar,Norte,0.32
2256,908.15,90,Hogar,Oeste,0.24
2257,1373.98,86,Hogar,Sur,0.31
2258,4452.33,58,,Centro,0.11
2259,1580.45,8,,Este,0.35
2260,1592.39,93,Alimentos,Norte,0.05
2261,2210.87,60,Ropa,Este,0.13
2262,770.86,70,Alimentos,Centro,0.41
2263,2955.55,1,Hogar,Oeste,0.27
2264,995.38,31,Hogar,Este,0.29
2265,4714.07,60,Alimentos,,0.33
2266,3184.52,46,Deportes,Este,0.27
2267,3554.45,52,Hogar,Centro,0.01
2268,1815.25,100,Deportes,Centro,0.16
2269,921.92,97,Hogar,Este,0.09
2270,2764.59,98,,Sur,0.09
2271,1232.19,37,,,0.09
2272,2090.44,89,Alimentos,Este,0.07
2273,267.81,56,Electronica,,0.03
2274,378.98,11,Deportes,Sur,0.12
2275,4182.59,76,Hogar,Centro,0.43
2276,2431.84,,Hogar,Norte,0.2
2277,2182.45,37,Electronica,,0.26
2278,2317.83,55,Ropa,Sur,0.41
2279,4430.86,15,Deportes,Norte,
2280,1501.85,92,Alimentos,Sur,0.17
2281,2322.29,50,Electronica,Sur,0.24
2282,3024.0,6,Hogar,Este,0.44
2283,2754.64,,Deportes,Este,0.42
2284,210.68,72,Electronica,Sur,0.15
2285,1730.03,26,Deportes,Norte,0.19
2286,4371.36,48,Hogar,Norte,0.19
2287,2340.71,56,Electronica,Sur,0.13
2288,1689.39,62,Alimentos,Centro,0.13
2289,4176.97,,,Norte,0.24
2290,4232.92,95,Deportes,Sur,0.11
2291,1983.92,70,Alimentos,Este,0.42
2292,4246.15,50,Electronica,Este,0.2
2293,440.2,67,Ropa,Sur,0.29
2294,554.43,40,Deportes,Este,0.35
2295,1819.89,55,Ropa,Oeste,
2296,2126.9,28,Hogar,Norte,
2297,2357.66,16,Hogar,Oeste,0.07
2298,3213.65,79,Deportes,Oeste,
2299,2514.39,77,Ropa,Sur,0.02
2300,4066.97,89,Hogar,,0.42
2301,3995.11,3,Ropa,Oeste,0.32
2302,3241.32,98,Hogar,,0.04
2303,938.16,9,Electronica,Centro,0.08
2304,3834.85,79,Ropa,Centro,0.5
2305,3513.63,99,Hogar,Norte,0.4
2306,4112.68,34,Ropa,Centro,0.29
2307,4768.63,12,Deportes,Norte,0.12
2308,3876.56,54,Electronica,Centro,0.5
2309,14.95,78,Deportes,Este,0.48
2310,1230.56,19,Electronica,Centro,0.35
2311,2360.02,1,Ropa,Este,0.19
2312,2640.88,98,Alimentos,Centro,0.03
2313,3292.56,84,Hogar,Norte,0.16
2314,4684.89,53,Ropa,,0.02
2315,162.07,9,Deportes,Centro,0.2
2316,4351.24,39,Electronica,Centro,0.16
2317,2899.37,73,Electronica,,0.32
2318,2117.8,15,Electronica,Oeste,0.44
2319,666.5,68,Hogar,,0.01
2320,880.28,25,Ropa,Centro,0.44
2321,3256.55,43,Electronica,Norte,0.34
2322,1479.7,85,Ropa,Norte,0.08
2323,4694.25,29,Alimentos,Oeste,0.12
2324,4634.59,79,,Este,0.38
2325,1594.63,89,Hogar,Norte,0.18
2326,4076.69,100,Hogar,Este,0.34
2327,4494.81,16,Hogar,Este,0.36
2328,3562.94,26,,Oeste,0.12
2329,3126.52,37,Deportes,Sur,0.06
2330,257.24,78,Deportes,Norte,0.09
2331,1993.78,73,Hogar,Centro,0.09
2332,4740.18,20,Deportes,Este,0.37
2333,3675.35,52,Deportes,Oeste,0.23
2334,,33,Alimentos,Sur,0.02
2335,1004.71,25,Ropa,Norte,0.3
2336,,39,Hogar,Sur,
2337,3623.26,40,Alimentos,Centro,0.33
2338,1506.09,,Deportes,Norte,0.29
2339,2703.03,86,Ropa,Norte,0.08
2340,4848.26,8,Electronica,Oeste,0.12
2341,2143.4,14,Hogar,Centro,0.13
2342,4137.28,5,Ropa,Norte,0.43
2343,1825.65,1,Deportes,Este,0.2
2344,768.91,94,Electronica,Este,0.39
2345,606.98,29,Deportes,Oeste,0.33
2346,263.89,26,Alimentos,,0.04
2347,3789.06,23,Deportes,Centro,0.07
2348,359.56,62,Ropa,Este,0.23
2349,2245.53,1,,Centro,0.25
2350,647.71,9,Hogar,Norte,0.44
2351,3043.46,81,Deportes,Este,
2352,3476.91,22,,Sur,0.3
2353,190.01,72,Deportes,Norte,0.25
2354,4176.66,92,Deportes,Oeste,0.2
2355,,61,Deportes,Norte,
2356,1598.07,70,Deportes,Centro,0.01
2357,411.77,88,Electronica,Este,0.19
2358,2722.22,36,,Centro,0.35
2359,,21,Hogar,Oeste,0.17
2360,1037.2,31,Ropa,Oeste,0.21
2361,4250.77,65,Hogar,,0.38
2362,3027.57,6,Electronica,Centro,0.02
2363,4196.28,81,Electronica,Sur,0.14
2364,1895.97,69,,Oeste,0.17
2365,3292.41,84,Ropa,Este,0.15
2366,4525.39,61,Alimentos,Norte,0.14
2367,3396.09,18,,Este,0.45
2368,371.78,44,Hogar,Oeste,0.29
2369,2040.19,90,,Norte,0.19
2370,1924.91,39,Deportes,Norte,
2371,1944.37,43,Hogar,Oeste,0.03
2372,1857.97,68,Alimentos,Centro,0.04
2373,607.81,76,Ropa,,
2374,3197.28,18,Ropa,Oeste,
2375,2844.28,47,Ropa,Norte,0.06
2376,,56,Hogar,Oeste,
2377,3309.62,35,Alimentos,Centro,0.3
2378,1411.17,43,Deportes,Centro,0.05
2379,1742.56,28,Alimentos,Oeste,0.42
2380,843.53,48,Alimentos,Oeste,0.25
2381,,53,Deportes,Oeste,0.21
2382,,82,Electronica,Este,0.21
2383,319.12,4,Electronica,Norte,0.48
2384,4045.77,7,,Este,0.22
2385,1049.9,40,Alimentos,Este,0.13
2386,3401.65,60,Deportes,Norte,0.16
2387,4662.37,69,Hogar,Oeste,0.48
2388,4426.45,25,Deportes,Centro,0.36
2389,1874.41,99,Hogar,Norte,0.12
2390,1225.58,,Deportes,Oeste,0.28
2391,952.32,89,Ropa,Oeste,0.35
2392,204.39,18,Hogar,Centro,0.38
2393,1295.15,31,Deportes,Sur,0.35
2394,,24,Electronica,,
2395,1143.63,67,Hogar,Centro,0.07
2396,751.01,87,Alimentos,Este,0.41
2397,1948.08,57,Electronica,Sur,0.28
2398,23.88,37,Hogar,Sur,0.11
2399,2466.35,28,Deportes,Norte,0.04
2400,2012.04,62,Electronica,Este,
2401,1895.37,,Alimentos,Este,0.08
2402,4121.34,91,Alimentos,,0.03
2403,2174.47,47,Alimentos,Norte,0.21
2404,2151.35,6,Alimentos,Oeste,0.2
2405,3978.34,94,Deportes,Centro,0.29
2406,2615.98,76,Deportes,Este,0.29
2407,2992.79,77,,Este,0.25
2408,75.96,90,Hogar,Sur,0.1
2409,1116.05,49,Deportes,Centro,0.05
2410,377.78,14,Ropa,Norte,0.14
2411,916.35,95,Ropa,Centro,0.46
2412,1524.41,23,Hogar,Centro,0.46
2413,325.75,65,Hogar,Centro,0.45
2414,293.75,38,Electronica,Sur,0.26
2415,1280.81,52,Deportes,Este,0.37
2416,3766.43,55,Hogar,Centro,0.31
2417,23.52,57,Deportes,,0.2
2418,2088.82,17,Alimentos,Oeste,
2419,2034.73,64,Alimentos,Este,0.26
2420,1763.56,23,,,0.22
2421,1691.2,54,Electronica,Oeste,0.43
2422,1280.49,23,Deportes,Oeste,0.43
2423,29.67,26,Hogar,,0.2
2424,4183.3,6,Hogar,Centro,0.23
2425,4683.37,28,Alimentos,Centro,0.21
2426,2675.7,,Ropa,Centro,0.44
2427,,82,Deportes,Sur,0.3
2428,1686.49,35,Deportes,,0.18
2429,215.98,97,Deportes,Norte,0.38
2430,2493.84,29,Deportes,Centro,0.34
2431,,56,Alimentos,Norte,
2432,4847.39,68,Alimentos,Norte,0.38
2433,4222.7,30,Hogar,Oeste,0.37
2434,3050.26,15,Alimentos,Centro,0.03
2435,1011.33,97,Deportes,Centro,0.42
2436,1385.89,21,Hogar,,0.38
2437,3614.24,80,Hogar,Centro,0.08
2438,4247.29,90,Deportes,Norte,
2439,4908.72,98,Ropa,Este,0.27
2440,2817.82,71,Ropa,Oeste,0.01
2441,1104.22,58,,Sur,0.47
2442,3398.15,5,Alimentos,Centro,0.4
2443,2242.86,71,Alimentos,Norte,0.23
2444,2228.62,41,Deportes,Norte,0.26
2445,3745.99,9,Electronica,Este,0.03
2446,4937.89,81,Deportes,Centro,0.2
2447,1030.79,,Electronica,Centro,0.01
2448,548.33,81,Alimentos,Centro,0.3
2449,2736.38,73,Electronica,Sur,0.27
2450,137.63,1,Deportes,,0.19
2451,2276.13,62,Deportes,Sur,0.29
2452,4526.92,56,Electronica,Este,0.3
2453,,59,Ropa,Sur,0.21
2454,3454.13,,Ropa,Sur,0.12
2455,1649.7,88,Electronica,Norte,0.16
2456,3091.25,95,Alimentos,,0.14
2457,2547.96,10,Electronica,Norte,0.15
2458,4681.36,42,Hogar,Oeste,0.1
2459,3883.34,96,Hogar,Centro,
2460,4412.99,39,Deportes,Oeste,0.31
2461,2874.65,98,Hogar,Norte,0.41
2462,1093.56,41,Ropa,Este,0.38
2463,2493.61,21,Hogar,Centro,0.35
2464,2800.0,91,Electronica,Este,
2465,3311.13,30,Alimentos,,0.15
2466,3695.64,75,Ropa,Oeste,0.19
2467,3546.55,94,Deportes,Norte,0.37
2468,2437.85,79,,,0.03
2469,832.1,13,Alimentos,Norte,0.28
2470,3817.22,86,,Centro,0.35
2471,2436.83,4,Ropa,Este,0.06
2472,4984.62,99,Alimentos,Norte,0.41
2473,3230.82,24,Hogar,Centro,0.45
2474,4949.79,10,Hogar,Este,
2475,4750.9,,Ropa,Centro,0.42
2476,366.49,93,Hogar,Centro,0.21
2477,473.47,79,Hogar,Este,0.07
2478,,32,Hogar,Oeste,0.18
2479,704.86,7,Ropa,Norte,0.19
2480,3912.56,83,Deportes,Sur,0.31
2481,2196.16,34,,Centro,0.15
2482,4864.15,43,Alimentos,Este,0.36
2483,1999.65,69,,Sur,0.11
2484,335.19,36,Hogar,Sur,0.37
2485,468.51,76,Alimentos,Sur,0.26
2486,45.35,,Hogar,Centro,0.12
2487,3493.33,65,Hogar,Norte,0.05
2488,2913.57,9,Ropa,Norte,0.22
2489,2744.77,13,Deportes,Este,
2490,3806.13,53,,Centro,0.33
2491,1225.73,10,Ropa,,0.13
2492,,7,Alimentos,Norte,0.25
2493,4577.98,37,Electronica,Oeste,0.05
2494,,33,Electronica,Oeste,0.29
2495,1252.99,67,Electronica,,0.07
2496,4345.96,24,Electronica,Centro,0.02
2497,4252.43,27,Electronica,Sur,0.15
2498,2587.53,15,Alimentos,Oeste,0.08
2499,1669.62,24,Deportes,Norte,0.15
2500,2920.33,25,Deportes,Sur,0.37
2501,2271.82,81,Deportes,Este,0.41
2502,2362.13,52,Hogar,Oeste,0.05
2503,1665.92,35,Alimentos,Centro,0.45
2504,4581.03,14,Ropa,Centro,0.39
2505,800.47,100,Hogar,Sur,0.14
2506,2808.16,90,Deportes,Este,0.06
2507,774.71,91,Ropa,Este,0.19
2508,787.49,83,Deportes,Este,0.21
2509,4701.23,71,Deportes,,0.37
2510,1969.52,38,Deportes,Centro,0.3
2511,390.43,29,Deportes,Oeste,0.25
2512,1227.99,27,Ropa,Norte,0.19
2513,1372.98,62,,Oeste,0.45
2514,2871.33,16,Alimentos,Oeste,0.2
2515,1619.96,19,Hogar,Este,0.5
2516,2030.27,25,Deportes,Centro,0.23
2517,1506.37,74,,Sur,0.42
2518,3514.07,38,Electronica,Centro,0.04
2519,1646.54,5,Deportes,,0.19
2520,3593.48,35,Ropa,Este,0.02
2521,1081.14,54,Alimentos,Norte,0.33
2522,4128.5,89,Hogar,Sur,0.36
2523,,70,Deportes,Centro,0.2
2524,419.77,,Electronica,Centro,0.33
2525,2089.06,16,,Centro,0.27
2526,1236.01,99,Alimentos,Este,0.25
2527,4982.08,26,Electronica,Centro,0.03
2528,4604.3,11,Electronica,Norte,0.24
2529,680.48,75,Ropa,Oeste,0.46
2530,26.52,67,Electronica,Centro,0.33
2531,3161.84,63,Ropa,Oeste,0.04
2532,1845.67,55,Electronica,,0.04
2533,1511.82,85,Alimentos,Sur,0.06
2534,1423.37,,Alimentos,,0.04
2535,2169.55,50,Alimentos,Este,0.27
2536,3281.66,10,Alimentos,Norte,
2537,2335.39,91,Alimentos,Centro,0.26
2538,2853.21,29,Alimentos,Este,0.02
2539,4585.49,47,Ropa,Norte,0.15
2540,1951.63,84,Electronica,Norte,0.18
2541,4295.81,36,Hogar,Oeste,0.11
2542,1307.08,66,Electronica,Oeste,0.4
2543,2999.53,98,Hogar,Sur,0.07
2544,561.05,85,Ropa,Sur,0.11
2545,2682.57,20,Deportes,Norte,0.18
2546,199.87,35,Electronica,Sur,0.4
2547,153.36,100,Hogar,Sur,0.16
2548,2655.41,1,Alimentos,Centro,0.22
2549,2995.98,31,Electronica,Norte,
2550,516.12,92,,Sur,0.12
2551,2555.14,84,Hogar,Sur,0.23
2552,880.55,87,,Este,0.31
2553,4564.07,4,Electronica,Norte,0.11
2554,3304.96,92,Hogar,Norte,0.47
2555,1663.01,45,Alimentos,Norte,0.39
2556,1394.9,95,Hogar,Norte,
2557,1799.63,78,Electronica,Oeste,0.21
2558,1171.47,48,Ropa,Norte,0.02
2559,2094.18,39,Ropa,Centro,0.28
2560,2397.16,79,Alimentos,Oeste,0.31
2561,905.85,2,Ropa,Sur,0.34
2562,2563.86,36,Alimentos,Oeste,0.35
2563,1641.5,59,Hogar,Oeste,0.48
2564,1897.22,22,Ropa,Sur,0.03
2565,1693.0,46,Deportes,Sur,0.11
2566,1135.67,18,Deportes,Oeste,0.2
2567,2429.44,77,Hogar,Sur,0.07
2568,1799.12,23,Electronica,Sur,0.19
2569,3758.86,16,Alimentos,Este,0.29
2570,,54,Ropa,Sur,0.29
2571,1132.34,11,Ropa,Este,0.0
2572,1887.03,44,Hogar,,0.36
2573,1772.72,1,Ropa,Este,0.29
2574,1723.92,28,Hogar,Centro,0.12
2575,1427.89,57,Electronica,Este,0.42
2576,3073.32,11,Hogar,Este,0.49
2577,888.09,98,Ropa,Este,0.06
2578,279.45,93,Electronica,Centro,0.08
2579,2211.79,62,Ropa,Oeste,0.1
2580,1781.9,18,Deportes,Sur,0.32
2581,423.52,20,,Sur,0.1
2582,1686.58,73,Ropa,Norte,0.28
2583,1301.97,85,Ropa,Oeste,0.43
2584,2679.19,63,Hogar,Norte,0.1
2585,1707.43,68,Electronica,Este,0.05
2586,2142.71,56,Alimentos,,0.4
2587,919.48,45,Alimentos,Este,0.4
2588,1932.58,53,Hogar,Este,0.22
2589,2890.89,16,Ropa,Oeste,
2590,4853.62,50,Electronica,Sur,0.17
2591,4379.7,23,Electronica,Centro,0.12
2592,1290.72,18,Alimentos,Sur,0.29
2593,983.44,60,Electronica,Este,0.43
2594,3616.58,18,Electronica,Sur,0.43
2595,3056.77,38,Ropa,Sur,0.34
2596,3657.03,8,Electronica,Oeste,0.35
2597,3830.86,51,Deportes,Norte,0.32
2598,4942.26,20,Electronica,Centro,
2599,4590.94,33,Ropa,Oeste,0.43
2600,1908.22,66,Hogar,Norte,0.49
2601,1909.05,82,Hogar,Centro,0.3
2602,2813.64,54,,Sur,0.36
2603,1851.11,73,Electronica,,0.19
2604,1462.41,45,Electronica,Norte,0.27
2605,2621.99,82,Electronica,,0.37
2606,1213.74,50,Alimentos,Norte,0.17
2607,3230.4,59,Deportes,Norte,0.25
2608,2584.02,37,Deportes,Norte,0.24
2609,3042.95,60,Deportes,Centro,0.33
2610,1025.01,56,Hogar,Centro,0.18
2611,568.55,61,Deportes,Sur,0.19
2612,333.04,93,Deportes,Sur,0.01
2613,3219.9,45,Alimentos,Sur,0.22
2614,2894.62,98,Ropa,Oeste,0.14
2615,221.36,70,Hogar,Sur,0.46
2616,,26,Alimentos,Oeste,
2617,3770.98,72,Alimentos,Norte,0.11
2618,633.28,39,,Sur,0.48
2619,43.23,61,,Sur,0.36
2620,3576.55,62,Electronica,Centro,0.23
2621,1598.6,62,Deportes,,0.46
2622,419.31,19,Alimentos,Norte,0.14
2623,3294.94,89,Deportes,Oeste,0.49
2624,3390.89,61,Alimentos,Oeste,0.18
2625,2036.56,,Ropa,Este,0.34
2626,,47,Ropa,Oeste,0.47
2627,1825.82,80,Electronica,Este,0.35
2628,3120.72,,Hogar,Oeste,
2629,574.52,82,Electronica,Norte,0.04
2630,,20,,Centro,0.02
2631,1048.63,60,Ropa,Este,0.3
2632,3570.08,12,Hogar,Este,0.05
2633,4851.64,53,Ropa,Norte,0.19
2634,462.64,64,Alimentos,Centro,0.41
2635,1967.26,76,Ropa,Norte,0.49
2636,3447.58,85,Electronica,Oeste,0.27
2637,1601.55,72,Hogar,Oeste,0.14
2638,1018.58,83,Hogar,Sur,0.1
2639,3565.28,26,,Centro,0.04
2640,4104.67,9,Alimentos,Centro,0.26
2641,871.58,30,,Centro,0.48
2642,3126.84,95,Hogar,Norte,0.46
2643,2090.33,83,Electronica,Sur,
2644,2148.3,98,Alimentos,Norte,0.39
2645,4557.25,12,Deportes,Sur,
2646,,64,Alimentos,Norte,0.3
2647,4937.24,18,Hogar,Este,0.3
2648,3788.55,63,Hogar,Sur,0.35
2649,2715.75,53,Alimentos,,0.22
2650,1985.58,82,Ropa,Oeste,0.46
2651,2576.04,2,Hogar,Oeste,0.34
2652,1627.7,83,Deportes,,0.45
2653,2920.74,73,Hogar,Sur,0.07
2654,4872.78,49,Deportes,Centro,0.27
2655,,,Electronica,Norte,0.36
2656,3904.64,71,Ropa,Este,0.29
2657,1757.84,69,Alimentos,Norte,0.32
2658,3259.18,1,Ropa,Oeste,0.09
2659,4445.52,60,Ropa,Norte,0.31
2660,3656.78,82,Hogar,Norte,
2661,858.72,3,Ropa,Sur,0.32
2662,1058.05,72,Electronica,,
2663,3196.5,,Hogar,Oeste,0.13
2664,3510.24,47,Alimentos,Este,0.47
2665,3910.56,83,Deportes,Oeste,0.15
2666,4542.04,93,Alimentos,Este,0.45
2667,1098.25,9,Deportes,Oeste,0.33
2668,4370.62,96,Deportes,Sur,0.25
2669,4634.51,55,Ropa,Oeste,0.43
2670,2590.34,4,Deportes,Centro,0.41
2671,1457.18,84,Alimentos,Oeste,0.4
2672,3454.09,5,Alimentos,Este,0.38
2673,164.25,35,Electronica,Este,0.08
2674,4929.13,26,Hogar,Centro,0.35
2675,3176.51,86,Electronica,,0.34
2676,2797.68,46,Electronica,Este,
2677,,72,Electronica,Oeste,0.1
2678,3860.03,88,Alimentos,Norte,0.11
2679,1198.81,4,Ropa,Este,0.43
2680,2173.49,24,Deportes,Sur,0.17
2681,2772.27,45,Hogar,Centro,0.48
2682,3130.92,42,Alimentos,Este,0.24
2683,3422.89,90,Ropa,Centro,
2684,2081.59,57,Electronica,Oeste,0.05
2685,2118.78,96,Ropa,Norte,0.21
2686,2630.97,84,Electronica,Sur,0.08
2687,4162.13,31,Hogar,Norte,0.3
2688,167.27,79,Ropa,Oeste,0.27
2689,3385.11,23,Deportes,Centro,0.11
2690,1546.34,12,,Sur,0.33
2691,1834.51,19,Ropa,Oeste,0.39
2692,1858.57,24,Alimentos,Este,0.03
2693,974.44,91,Deportes,Norte,0.15
2694,3429.95,86,Electronica,Oeste,0.24
2695,2924.81,60,Alimentos,Oeste,0.19
2696,812.81,55,Deportes,Centro,0.31
2697,494.26,51,Ropa,Oeste,0.04
2698,573.97,,Electronica,Este,0.26
2699,2976.31,94,,Norte,0.43
2700,,1,Deportes,Oeste,0.32
2701,175.9,40,Alimentos,Oeste,0.44
2702,240.92,7,Ropa,Oeste,0.3
2703,1491.5,92,Deportes,Norte,0.12
2704,4151.37,58,Electronica,Este,0.02
2705,507.25,20,Deportes,Sur,
2706,3855.89,88,Deportes,Oeste,0.44
2707,4206.28,73,Hogar,Oeste,0.34
2708,2331.95,91,Electronica,,0.24
2709,408.56,13,Hogar,Sur,0.48
2710,1829.09,84,Ropa,Norte,0.42
2711,409.23,100,Alimentos,Este,0.04
2712,2365.69,45,Hogar,Norte,0.41
2713,2233.51,15,Ropa,Sur,0.34
2714,2006.96,52,Deportes,Norte,0.19
2715,2474.62,26,Alimentos,Norte,0.43
2716,703.25,92,Electronica,Oeste,0.14
2717,883.66,94,Electronica,Oeste,0.15
2718,3422.57,86,Electronica,Centro,0.09
2719,1040.01,34,Hogar,Centro,0.42
2720,2555.02,3,Ropa,,0.28
2721,1103.35,83,Electronica,Centro,0.36
2722,3735.37,91,Ropa,Norte,0.3
2723,2993.56,6,Ropa,Norte,0.02
2724,855.84,36,,Oeste,0.26
2725,3864.52,84,Hogar,Centro,0.41
2726,4163.99,37,Alimentos,Sur,0.22
2727,625.57,53,Electronica,Centro,0.49
2728,4974.53,2,Alimentos,Sur,0.25
2729,2042.63,22,Alimentos,Sur,0.49
2730,3767.71,77,Deportes,Norte,0.21
2731,4458.73,89,Electronica,Sur,0.32
2732,573.57,2,Ropa,Sur,0.21
2733,1112.91,25,Electronica,Centro,0.06
2734,2894.09,6,,Sur,0.3
2735,3749.93,100,Ropa,Centro,0.11
2736,4155.17,36,Ropa,Este,0.11
2737,4044.57,77,Electronica,Este,0.09
2738,4338.89,14,Hogar,Norte,0.5
2739,1978.85,34,Deportes,Sur,0.05
2740,1951.11,78,Deportes,Este,0.45
2741,3110.7,55,Deportes,Sur,0.15
2742,4573.76,,Electronica,Sur,0.31
2743,4728.81,54,Ropa,Oeste,0.03
2744,2146.82,,Alimentos,Sur,0.06
2745,3254.03,95,Deportes,Sur,0.14
2746,311.35,32,Electronica,Centro,0.12
2747,3955.56,22,Alimentos,Norte,0.49
2748,1401.16,97,Hogar,Norte,0.35
2749,3680.51,9,Deportes,Este,0.21
2750,2477.49,70,Electronica,Sur,0.03
2751,1627.32,82,Hogar,Norte,0.25
2752,,50,Deportes,Norte,0.13
2753,876.63,92,Hogar,Sur,0.29
2754,1172.47,12,,Sur,0.05
2755,86.13,30,Ropa,Oeste,0.15
2756,892.48,35,Deportes,Sur,0.1
2757,1290.48,14,Deportes,Norte,0.37
2758,3881.35,37,Hogar,Sur,0.12
2759,1720.91,27,Alimentos,Centro,0.42
2760,4680.05,48,Electronica,Oeste,0.44
2761,3027.22,37,Hogar,Norte,0.16
2762,627.38,26,Deportes,Sur,
2763,4747.95,36,Hogar,Centro,0.37
2764,2151.35,79,Electronica,Norte,0.23
2765,4333.35,7,Electronica,Sur,0.13
2766,1307.25,92,Hogar,Oeste,0.22
2767,1632.33,10,Electronica,Este,0.25
2768,4434.66,27,Deportes,Oeste,0.1
2769,1641.69,36,Hogar,Centro,0.45
2770,1150.48,6,Ropa,Oeste,0.36
2771,4158.04,22,Electronica,Este,0.4
2772,4311.71,69,Ropa,Este,0.35
2773,3948.98,98,Ropa,Oeste,0.26
2774,4341.52,26,,Norte,0.18
2775,4251.52,71,Deportes,Norte,0.3
2776,3215.29,48,Hogar,Oeste,0.43
2777,248.62,42,Hogar,Este,0.03
2778,1060.37,52,Ropa,Centro,0.3
2779,4815.2,48,Electronica,Sur,0.21
2780,4430.11,46,Hogar,Oeste,0.44
2781,1965.1,90,Deportes,Centro,
2782,2482.01,99,Ropa,Centro,0.31
2783,695.99,25,Electronica,Sur,0.23
2784,2331.33,37,Electronica,Oeste,
2785,1776.68,57,,Sur,0.15
2786,1043.76,8,,Norte,0.32
2787,1866.14,65,Alimentos,Este,0.37
2788,2116.22,24,Hogar,Norte,0.43
2789,4577.53,2,Deportes,Norte,0.02
2790,1231.35,97,,Centro,0.41
2791,2959.89,41,Alimentos,Oeste,0.04
2792,1387.03,40,Electronica,Oeste,0.24
2793,3346.3,60,Hogar,Sur,0.21
2794,84.03,18,Alimentos,,0.17
2795,343.66,90,Deportes,Oeste,0.12
2796,1432.43,,Deportes,Sur,0.24
2797,278.7,12,Alimentos,Sur,0.19
2798,2955.95,59,Hogar,Este,0.25
2799,18.3,34,Ropa,Sur,0.01
2800,2406.85,46,Hogar,Oeste,0.27
2801,482.08,27,Electronica,Centro,0.04
2802,1341.34,54,,Centro,0.27
2803,3880.22,22,Alimentos,Centro,0.24
2804,2888.8,87,Deportes,Este,0.04
2805,2596.55,15,Ropa,Norte,0.17
2806,1558.69,74,Electronica,Centro,0.45
2807,1294.71,34,Alimentos,Norte,0.3
2808,4382.13,96,Deportes,Norte,0.49
2809,2577.48,25,Hogar,Sur,0.5
2810,4413.86,26,Electronica,Este,0.48
2811,2251.65,86,Hogar,Centro,0.45
2812,3841.43,53,Alimentos,Este,0.35
2813,2794.02,77,Deportes,Sur,0.07
2814,1537.4,80,,Oeste,0.4
2815,1905.77,3,Deportes,Sur,0.38
2816,674.32,52,Ropa,Norte,0.21
2817,2498.61,52,Deportes,Sur,0.39
2818,,35,Electronica,,0.4
2819,700.07,82,Ropa,Centro,0.47
2820,250.54,19,Hogar,Este,
2821,3080.34,33,Ropa,Norte,0.28
2822,935.4,6,Electronica,Sur,0.5
2823,4738.89,49,Ropa,Sur,
2824,2095.45,39,Hogar,Centro,0.13
2825,213.08,33,Deportes,Oeste,0.32
2826,3440.61,13,Hogar,Sur,0.16
2827,2463.22,66,Deportes,Sur,0.44
2828,1949.82,54,Deportes,,0.44
2829,492.95,25,Deportes,Oeste,0.0
2830,402.81,2,Alimentos,Centro,0.01
2831,4951.69,32,Alimentos,,0.48
2832,614.57,73,Hogar,Sur,0.48
2833,4414.11,53,Alimentos,Sur,0.32
2834,1972.25,,Hogar,Centro,0.43
2835,2072.29,49,Alimentos,Centro,0.07
2836,4363.82,22,Electronica,Sur,0.45
2837,1052.29,66,Hogar,Oeste,0.21
2838,2514.4,52,Alimentos,Centro,0.4
2839,2876.33,11,Hogar,Este,0.32
2840,3547.05,21,Deportes,Este,0.35
2841,3430.73,38,Ropa,Este,0.19
2842,4195.96,79,Alimentos,Este,0.21
2843,364.35,83,Hogar,Oeste,0.44
2844,3614.52,7,Ropa,,0.1
2845,3922.5,11,Ropa,Este,0.16
2846,2624.01,96,Hogar,Centro,0.39
2847,,99,,Centro,0.33
2848,1376.6,26,,Sur,0.28
2849,1213.84,68,Alimentos,Este,0.49
2850,83.78,20,Hogar,Oeste,0.02
2851,693.24,81,Alimentos,Norte,0.1
2852,3455.92,45,Ropa,Este,0.37
2853,857.71,46,Ropa,Norte,0.36
2854,2272.67,71,Hogar,Centro,0.46
2855,2391.07,37,Electronica,Este,0.0
2856,3907.48,73,,Este,0.3
2857,2865.07,39,Alimentos,Norte,0.15
2858,1381.59,67,Alimentos,Oeste,0.38
2859,2227.48,100,Alimentos,Centro,0.45
2860,3969.99,40,Hogar,Oeste,0.38
2861,877.73,1,Electronica,Sur,0.13
2862,567.2,76,,,0.06
2863,1668.46,59,Alimentos,Norte,0.38
2864,3298.02,62,Deportes,Este,0.18
2865,1716.33,94,Alimentos,Este,0.15
2866,3099.77,31,Alimentos,Centro,0.27
2867,4184.19,77,Electronica,Oeste,0.24
2868,,68,Ropa,Sur,0.13
2869,3681.63,82,,Oeste,0.0
2870,4985.47,92,Deportes,Sur,0.36
2871,626.81,41,Ropa,Este,0.5
2872,3834.08,,Electronica,,0.1
2873,3080.79,,Electronica,Oeste,0.38
2874,3232.8,63,Deportes,Norte,0.35
2875,3519.66,47,Deportes,Oeste,0.39
2876,1767.94,55,Alimentos,Centro,0.12
2877,2447.8,18,Ropa,Este,0.11
2878,3767.64,10,Alimentos,Este,0.02
2879,1137.42,87,Deportes,Norte,0.16
2880,1343.81,26,Electronica,Oeste,0.43
2881,1145.49,81,Hogar,Centro,0.18
2882,4249.75,86,Deportes,Norte,0.45
2883,2535.37,50,Ropa,Sur,0.29
2884,835.4,85,Electronica,Centro,0.43
2885,3211.35,19,Hogar,Este,0.41
2886,1324.21,49,Alimentos,Norte,0.35
2887,492.29,69,Electronica,Oeste,0.38
2888,4832.02,19,Deportes,Centro,0.28
2889,4188.32,66,Alimentos,Norte,0.05
2890,3355.45,10,Alimentos,Norte,0.26
2891,560.9,70,Deportes,Oeste,0.19
2892,2346.22,94,Hogar,Centro,0.5
2893,2327.84,78,Electronica,Sur,0.24
2894,2497.44,,Electronica,Norte,0.42
2895,4070.54,29,Alimentos,Oeste,0.34
2896,2149.85,76,Ropa,Norte,0.2
2897,4559.06,73,Hogar,Sur,
2898,1684.78,15,Electronica,Este,0.3
2899,503.71,70,Hogar,Norte,0.2
2900,4611.76,32,Alimentos,Oeste,0.2
2901,707.28,74,Deportes,Este,0.38
2902,712.11,78,Ropa,Este,0.39
2903,4196.78,1,Alimentos,Oeste,0.22
2904,4591.79,28,Ropa,Este,0.35
2905,,12,Deportes,Centro,0.27
2906,2916.62,75,Deportes,Oeste,
2907,411.82,4,Electronica,Este,0.17
2908,1271.98,49,Hogar,Sur,
2909,3157.83,27,Deportes,Oeste,0.19
2910,4329.02,8,Alimentos,Centro,
2911,2277.96,30,Ropa,,0.32
2912,1324.66,96,Hogar,Este,0.36
2913,1704.73,39,Deportes,Oeste,0.45
2914,1090.0,12,Alimentos,Norte,0.19
2915,3898.36,47,Hogar,Norte,0.36
2916,260.87,74,Alimentos,Este,0.15
2917,2309.37,59,Alimentos,Este,0.19
2918,3403.1,75,Hogar,Este,
2919,61.98,93,Hogar,,0.3
2920,4657.78,61,Hogar,Oeste,
2921,1876.05,,Hogar,Sur,0.28
2922,2948.35,98,Electronica,Sur,0.03
2923,620.4,54,,Sur,0.33
2924,824.0,100,Deportes,Este,0.39
2925,117.68,91,Hogar,Este,0.42
2926,3401.85,,Hogar,Oeste,0.33
2927,707.17,18,Electronica,,0.12
2928,4701.33,72,Alimentos,Norte,0.27
2929,3160.6,67,Alimentos,Centro,0.13
2930,1623.3,53,Alimentos,Oeste,0.15
2931,4854.78,68,Ropa,,0.22
2932,4755.02,32,,Centro,0.46
2933,4518.32,54,Ropa,Oeste,0.48
2934,3884.8,67,Alimentos,Este,0.41
2935,3987.03,15,Alimentos,Norte,0.33
2936,3802.41,65,,Norte,
2937,2440.9,11,Electronica,Oeste,0.01
2938,1836.04,51,Electronica,,0.25
2939,2031.92,60,Alimentos,Centro,0.37
2940,1382.5,30,Alimentos,Centro,0.2
2941,4026.02,74,Ropa,Sur,0.25
2942,3537.55,,Alimentos,Centro,
2943,677.24,35,Electronica,Oeste,0.27
2944,,93,Hogar,Norte,0.22
2945,1755.24,6,Alimentos,Sur,0.28
2946,4847.81,1,Hogar,Centro,0.29
2947,4547.91,81,Electronica,Sur,0.46
2948,3231.39,77,Alimentos,Oeste,0.01
2949,4296.76,40,Ropa,Sur,0.15
2950,1732.41,70,Deportes,Oeste,0.04
2951,1181.99,56,Alimentos,Este,0.23
2952,4417.29,80,Hogar,Norte,0.26
2953,2033.47,40,Electronica,Centro,0.26
2954,239.14,35,Ropa,Centro,0.32
2955,4805.24,93,Deportes,,
2956,2417.23,17,Ropa,Este,0.08
2957,4614.6,77,Alimentos,Norte,0.3
2958,3395.46,31,Ropa,Oeste,0.36
2959,333.84,43,,,0.48
2960,1333.15,29,Alimentos,Este,0.16
2961,2878.17,98,Hogar,Oeste,0.16
2962,3987.27,46,Ropa,Sur,0.3
2963,2327.54,52,Deportes,Centro,0.02
2964,,8,Alimentos,Oeste,0.42
2965,1250.85,42,,Sur,0.33
2966,629.08,77,,Este,0.35
2967,1341.86,80,Hogar,Este,0.48
2968,1064.0,76,Ropa,Centro,0.4
2969,1675.2,66,,Este,0.11
2970,3147.21,27,Electronica,Sur,0.49
2971,2380.89,82,Hogar,Sur,0.19
2972,228.89,52,Ropa,Norte,
2973,453.42,42,Alimentos,Norte,0.25
2974,765.8,88,Electronica,,0.47
2975,1859.82,12,Electronica,Centro,0.12
2976,460.21,94,,Sur,0.17
2977,1553.75,98,Electronica,Oeste,0.31
2978,1573.72,16,Ropa,Sur,0.2
2979,2050.85,,Electronica,Centro,0.06
2980,4459.43,31,Hogar,Norte,0.0
2981,1449.36,78,Hogar,Oeste,0.19
2982,1533.83,89,Electronica,Centro,0.01
2983,,,Electronica,Sur,0.38
2984,2430.53,65,Alimentos,Oeste,0.27
2985,1932.44,67,Deportes,Norte,0.48
2986,3426.83,77,Electronica,Oeste,
2987,2004.3,98,Electronica,Sur,0.24
2988,787.18,,Alimentos,Sur,0.28
2989,1761.77,60,Electronica,Sur,0.36
2990,,57,Deportes,Este,0.26
2991,1423.86,53,Alimentos,Oeste,0.04
2992,2577.94,48,Electronica,Este,0.28
2993,231.94,47,Electronica,Oeste,0.1
2994,4660.33,,Alimentos,Sur,
2995,2351.28,31,Hogar,Centro,
2996,2961.55,54,Ropa,,0.14
2997,1316.79,48,Electronica,Este,0.15
2998,161.6,93,Deportes,Centro,
2999,2010.3,67,Hogar,Sur,0.07
3000,3860.84,29,,,0.03
3001,791.16,29,Alimentos,Centro,0.25
3002,3220.87,35,Hogar,Este,0.19
3003,3030.15,19,Hogar,,0.23
3004,1252.81,37,Hogar,Norte,
3005,398.67,73,Deportes,Sur,0.41
3006,2536.67,44,,Norte,0.2
3007,1091.46,68,Deportes,,0.39
3008,3999.29,42,Deportes,Este,0.2
3009,780.69,34,Hogar,Norte,0.07
3010,2310.14,39,,Norte,0.11
3011,162.67,87,Alimentos,Centro,0.29
3012,3349.33,50,Electronica,Centro,0.13
3013,625.08,75,Hogar,Centro,0.31
3014,1522.35,72,Electronica,Norte,0.39
3015,994.03,14,Electronica,Este,0.43
3016,3488.55,41,Electronica,Oeste,0.22
3017,,1,,Oeste,0.14
3018,1483.08,59,Alimentos,Este,0.03
3019,1951.68,17,Hogar,Norte,0.08
3020,1342.31,58,Deportes,Centro,0.31
3021,1238.43,30,Electronica,Oeste,0.48
3022,358.69,3,Alimentos,Norte,0.21
3023,2784.82,51,,,0.34
3024,2033.2,53,Electronica,Este,0.08
3025,,38,Deportes,Centro,0.2
3026,2956.76,67,Hogar,Norte,0.01
3027,4607.16,60,,Sur,
3028,1569.43,77,Electronica,Norte,0.1
3029,4425.41,74,,,0.21
3030,855.25,37,Alimentos,Oeste,0.47
3031,1141.11,85,Alimentos,Sur,0.33
3032,4928.26,88,Ropa,Norte,
3033,3786.87,89,Hogar,Sur,0.29
3034,3589.58,79,Hogar,Centro,0.42
3035,3817.93,20,Ropa,Centro,0.25
3036,4229.76,43,Hogar,Oeste,0.12
3037,3320.59,11,Ropa,Oeste,0.48
3038,1955.63,56,Electronica,Sur,
3039,2315.23,92,,Centro,0.07
3040,943.95,97,Deportes,Centro,0.15
3041,512.61,81,,Centro,0.18
3042,1256.43,90,Hogar,Centro,0.05
3043,1813.77,84,Hogar,Norte,0.01
3044,,15,Alimentos,Oeste,0.37
3045,2929.17,34,Deportes,Norte,0.48
3046,11.03,72,Alimentos,Oeste,0.33
3047,3124.34,88,Hogar,Sur,0.46
3048,1094.17,86,Hogar,Sur,0.06
3049,2066.4,47,,Norte,0.36
3050,2653.88,18,Electronica,Oeste,
3051,612.21,82,Electronica,Oeste,0.49
3052,586.26,78,Deportes,Oeste,0.25
3053,2175.55,,Electronica,Sur,0.11
3054,4887.67,69,Hogar,Sur,0.44
3055,3014.5,34,Ropa,Este,0.31
3056,3076.43,34,Ropa,Oeste,0.26
3057,3649.58,15,,Sur,0.44
3058,2133.3,,Hogar,Este,0.01
3059,1741.86,89,Ropa,Centro,0.32
3060,3050.7,46,,Oeste,0.34
3061,2342.47,23,Electronica,Sur,0.48
3062,1488.3,1,Deportes,Oeste,0.16
3063,1140.76,74,Deportes,Este,0.42
3064,4808.54,33,Electronica,Sur,0.13
3065,4816.06,28,Hogar,Oeste,0.21
3066,524.84,72,Electronica,Centro,0.43
3067,,32,Ropa,Sur,
3068,4971.16,66,Ropa,Norte,0.48
3069,3416.34,26,Hogar,Este,0.32
3070,750.98,,Electronica,Sur,0.03
3071,1270.65,56,Hogar,Sur,0.08
3072,1634.6,94,Electronica,,0.18
3073,408.42,80,Ropa,Sur,0.27
3074,243.04,2,Electronica,Centro,0.07
3075,3528.42,35,Ropa,Este,0.44
3076,2873.71,99,Deportes,Oeste,0.42
3077,1109.46,55,Alimentos,,0.42
3078,12.17,33,Hogar,Oeste,0.01
3079,,37,Electronica,Norte,0.37
3080,1500.12,53,,Norte,0.08
3081,35.33,84,Hogar,Sur,0.4
3082,4183.1,48,Deportes,Este,0.12
3083,2743.5,83,Alimentos,Este,0.15
3084,2025.94,96,Electronica,Este,0.1
3085,4086.27,88,Deportes,Sur,0.09
3086,1109.14,36,Alimentos,Este,0.01
3087,2670.57,1,Deportes,Este,0.3
3088,660.58,29,Alimentos,Este,0.35
3089,909.33,46,Deportes,Norte,0.22
3090,945.89,76,Alimentos,Sur,0.11
3091,1254.32,88,,Este,0.5
3092,2854.35,5,Ropa,Sur,0.05
3093,3548.05,49,Hogar,Norte,0.46
3094,2540.4,67,,Oeste,0.36
3095,4513.01,96,Hogar,Centro,0.42
3096,530.14,43,Ropa,Oeste,0.47
3097,4410.23,19,Deportes,Centro,0.37
3098,3261.55,99,Hogar,Norte,0.12
3099,4483.24,,Deportes,Centro,
3100,4249.02,84,Alimentos,Este,0.39
3101,4250.75,,Hogar,Este,0.45
3102,1165.14,46,Alimentos,Centro,0.05
3103,2579.39,67,Deportes,Oeste,0.31
3104,3521.69,55,Ropa,Oeste,0.43
3105,3331.64,10,Ropa,Norte,0.26
3106,4776.45,57,Hogar,Oeste,0.05
3107,4606.42,25,Hogar,Sur,0.01
3108,787.83,92,,Oeste,0.16
3109,3022.05,71,Ropa,Sur,0.38
3110,3418.47,26,Alimentos,Este,0.12
3111,783.6,7,Hogar,Este,0.48
3112,3063.81,75,Hogar,Norte,0.18
3113,748.24,,Alimentos,Este,0.13
3114,3997.61,15,Deportes,Sur,0.05
3115,3663.43,54,Ropa,Sur,0.22
3116,2707.4,91,Hogar,Este,0.18
3117,26.83,48,Electronica,Oeste,0.47
3118,1667.49,,Alimentos,Sur,0.38
3119,688.81,25,Hogar,,0.3
3120,3472.93,52,Ropa,Oeste,0.36
3121,2816.22,88,Alimentos,Oeste,0.03
3122,3867.43,,,Este,0.46
3123,867.35,75,Hogar,Oeste,0.13
3124,4562.26,94,Ropa,Norte,0.32
3125,791.97,84,Ropa,,0.06
3126,870.81,8,Ropa,Oeste,0.06
3127,913.25,41,Deportes,Oeste,0.28
3128,4453.87,8,Deportes,Norte,0.08
3129,4904.35,74,Hogar,Centro,0.45
3130,3704.55,53,Electronica,Este,
3131,3475.4,44,Hogar,Oeste,0.23
3132,4531.17,57,Deportes,Este,
3133,2293.45,56,Deportes,Sur,0.45
3134,779.54,77,Hogar,Norte,0.4
3135,3780.67,57,Hogar,,
3136,2124.11,94,,Oeste,0.27
3137,4997.29,74,Deportes,Norte,0.32
3138,3806.04,18,Alimentos,Oeste,0.18
3139,428.28,79,,Norte,0.13
3140,3462.24,88,Ropa,,0.44
3141,521.79,61,Hogar,Centro,0.03
3142,2215.96,90,Electronica,Norte,0.46
3143,4632.23,1,Hogar,Este,0.23
3144,,48,Alimentos,Sur,
3145,4651.8,88,,Centro,0.02
3146,2355.99,78,Alimentos,Centro,0.32
3147,2977.04,58,Alimentos,Centro,0.13
3148,1293.29,8,Ropa,Norte,0.2
3149,3935.59,12,Deportes,Oeste,0.5
3150,3982.13,74,Deportes,Oeste,0.34
3151,28.97,44,Alimentos,Norte,0.04
3152,2607.22,51,Deportes,,0.04
3153,4780.23,65,,Este,0.14
3154,138.91,72,Ropa,Oeste,0.09
3155,550.86,12,Alimentos,Norte,0.03
3156,1255.18,66,Deportes,Sur,0.33
3157,1788.04,16,Hogar,Sur,0.1
3158,3467.43,2,Hogar,Este,0.02
3159,4741.61,18,Alimentos,Sur,
3160,2587.62,62,Deportes,Norte,0.27
3161,4022.81,88,Alimentos,Este,0.36
3162,1243.29,14,Hogar,Sur,0.27
3163,2151.75,64,Ropa,Sur,0.02
3164,4322.04,80,Deportes,Centro,0.26
3165,2355.83,43,Electronica,Norte,0.44
3166,3053.83,93,Hogar,Norte,0.5
3167,4812.99,90,,Sur,0.33
3168,4479.58,4,Deportes,Este,0.42
3169,1215.79,86,Alimentos,Oeste,0.06
3170,665.9,8,,Centro,0.41
3171,156.13,30,Hogar,Este,0.02
3172,269.02,87,Hogar,,0.44
3173,3245.26,59,Electronica,Norte,0.18
3174,387.11,2,Hogar,Norte,0.42
3175,2083.9,39,Hogar,Este,0.43
3176,3544.71,67,Deportes,Sur,0.08
3177,860.92,91,,Centro,0.22
3178,2948.71,68,Ropa,Centro,0.09
3179,2247.79,,Ropa,Centro,0.12
3180,4523.69,94,Electronica,Oeste,0.08
3181,2617.16,17,Deportes,Oeste,0.46
3182,3513.61,24,Electronica,Sur,0.26
3183,,62,Electronica,Norte,0.11
3184,3330.86,29,Alimentos,Este,0.32
3185,871.55,17,Electronica,,0.43
3186,1701.59,75,Hogar,Sur,0.03
3187,1725.23,58,Alimentos,,0.01
3188,766.2,38,Ropa,Oeste,0.26
3189,4915.4,38,Deportes,Norte,0.21
3190,2920.99,37,Hogar,Este,0.32
3191,55.75,36,Hogar,Sur,0.46
3192,3559.82,10,Alimentos,Oeste,0.08
3193,2191.33,,Deportes,Este,0.45
3194,2966.16,21,Deportes,Sur,0.02
3195,648.22,29,Electronica,Centro,0.12
3196,4336.39,70,Electronica,Centro,0.18
3197,383.1,3,Hogar,Sur,0.18
3198,2294.63,84,Electronica,Oeste,0.08
3199,2160.31,60,Alimentos,Este,0.29
3200,3059.97,48,Ropa,Oeste,
3201,3551.82,15,Alimentos,Centro,0.18
3202,1728.15,41,Ropa,Norte,0.43
3203,4471.63,83,Hogar,Norte,0.08
3204,3053.24,12,Alimentos,Norte,0.45
3205,206.6,18,Alimentos,Norte,0.19
3206,3874.18,8,Ropa,Norte,0.36
3207,3690.44,37,Deportes,Oeste,
3208,3221.71,3,Electronica,Norte,0.05
3209,4153.11,62,,,0.29
3210,2394.87,12,Ropa,Oeste,0.46
3211,,77,Alimentos,Sur,0.48
3212,2514.19,9,Hogar,Oeste,0.3
3213,2082.97,31,Ropa,,0.06
3214,436.13,27,,Este,0.5
3215,817.99,78,Electronica,Oeste,0.27
3216,1805.52,74,Deportes,Sur,0.29
3217,1965.81,90,Hogar,Oeste,0.22
3218,4958.55,92,Electronica,,0.5
3219,3455.45,12,Hogar,Este,0.44
3220,155.71,27,Ropa,Este,0.01
3221,2152.14,10,Alimentos,,0.26
3222,2271.64,20,Ropa,,0.43
3223,3733.2,4,Deportes,Norte,0.33
3224,4264.62,99,Hogar,Norte,0.39
3225,3799.66,49,Hogar,,0.1
3226,3039.64,77,Deportes,Sur,0.48
3227,1242.85,8,Alimentos,Norte,
3228,2902.09,9,Ropa,Este,0.02
3229,157.95,44,Deportes,Centro,0.39
3230,4376.98,60,Hogar,Centro,0.37
3231,1628.49,89,Alimentos,Norte,0.19
3232,3847.63,54,Deportes,Sur,0.48
3233,2715.59,71,Ropa,Sur,0.1
3234,167.55,53,Hogar,Este,0.18
3235,3691.58,35,Ropa,,0.12
3236,2289.56,22,,Centro,0.24
3237,2566.79,100,Ropa,Este,0.4
3238,3516.72,10,Hogar,Sur,0.19
3239,385.26,22,Alimentos,Este,0.37
3240,1756.42,95,Alimentos,Sur,0.48
3241,452.08,4,Alimentos,Este,0.44
3242,1774.09,55,Electronica,Norte,
3243,2071.24,20,Deportes,Centro,0.07
3244,1338.94,13,Ropa,Centro,0.36
3245,1841.41,8,Hogar,,0.16
3246,972.43,,Alimentos,,0.29
3247,948.93,34,Ropa,Centro,0.38
3248,2812.05,96,,Sur,0.41
3249,4640.12,85,Ropa,Este,0.44
3250,3067.22,74,Hogar,Este,0.07
3251,656.5,65,,Norte,
3252,2236.91,60,Alimentos,Sur,0.39
3253,592.13,28,Deportes,Norte,0.41
3254,3419.16,,Electronica,Centro,0.01
3255,3282.29,10,Deportes,Este,0.12
3256,4605.4,81,Ropa,Este,0.32
3257,3936.94,70,Deportes,Este,0.11
3258,3293.88,72,Hogar,Oeste,0.1
3259,2284.44,13,Electronica,Oeste,0.17
3260,3377.3,77,Hogar,Norte,0.47
3261,2085.53,52,Electronica,Centro,0.19
3262,3792.45,39,Hogar,Centro,0.38
3263,4290.6,91,Hogar,Centro,0.25
3264,4856.59,1,Ropa,Sur,0.28
3265,478.56,84,,Sur,0.28
3266,2860.9,79,Ropa,Este,0.2
3267,4218.72,28,Electronica,Oeste,0.32
3268,3344.84,14,,Oeste,0.0
3269,,76,,Centro,0.01
3270,2641.01,94,Deportes,Norte,0.36
3271,4204.06,5,Alimentos,Centro,0.44
3272,3477.75,93,Ropa,Este,0.22
3273,2376.49,35,Hogar,Este,0.2
3274,453.61,21,Hogar,Este,0.22
3275,,6,Ropa,,0.17
3276,901.86,29,Alimentos,Este,0.06
3277,1117.29,,Hogar,Este,0.38
3278,200.92,43,Ropa,Oeste,0.26
3279,1843.64,91,Deportes,Norte,0.24
3280,1794.01,27,Ropa,Oeste,0.46
3281,1089.41,20,Deportes,Sur,0.18
3282,4165.33,64,Ropa,Sur,0.09
3283,3588.72,94,,Este,0.44
3284,1042.04,5,Ropa,Sur,0.22
3285,3163.12,66,Electronica,Oeste,0.14
3286,3131.55,,Alimentos,Norte,0.22
3287,2107.73,70,Hogar,Este,
3288,3640.89,13,Ropa,Sur,0.33
3289,155.44,19,Deportes,Centro,0.23
3290,1024.87,17,Deportes,,0.28
3291,3069.98,87,Electronica,Norte,0.43
3292,477.54,97,Alimentos,Norte,0.34
3293,63.36,95,Electronica,Oeste,0.2
3294,1491.83,12,Deportes,Sur,0.41
3295,1795.08,94,Ropa,Oeste,
3296,767.76,73,Alimentos,Oeste,0.12
3297,3020.57,77,Alimentos,Este,0.1
3298,2180.22,48,Ropa,,0.23
3299,4261.6,,Ropa,Oeste,0.4
3300,3715.81,95,Ropa,Sur,0.4
3301,2527.44,28,Electronica,Centro,0.03
3302,3018.02,67,Hogar,Sur,0.36
3303,1524.51,100,Ropa,Centro,0.44
3304,1818.52,12,,Norte,0.22
3305,2480.77,38,Alimentos,Centro,0.39
3306,1431.39,32,Alimentos,Oeste,0.21
3307,3444.89,70,,Este,0.27
3308,4717.21,,Electronica,Oeste,0.22
3309,4470.18,57,Deportes,Oeste,0.26
3310,4077.36,78,Deportes,,0.25
3311,1620.23,6,Hogar,Centro,0.29
3312,831.17,39,Hogar,Sur,0.12
3313,937.39,46,Electronica,,0.41
3314,1051.84,54,,Norte,0.19
3315,2014.79,59,Electronica,Sur,0.46
3316,4063.39,,Hogar,Este,0.36
3317,2046.83,90,Electronica,Este,0.28
3318,2608.06,28,Hogar,,0.42
3319,2580.55,1,Hogar,Centro,0.01
3320,,4,Hogar,Centro,0.43
3321,1877.04,96,Deportes,Centro,0.4
3322,4567.17,93,Deportes,Centro,0.44
3323,4643.87,57,Electronica,Centro,0.22
3324,,19,Deportes,Este,0.1
3325,,90,Deportes,Sur,0.21
3326,977.59,21,Alimentos,,0.02
3327,4960.17,87,Deportes,Oeste,0.46
3328,2247.58,50,Ropa,Sur,0.03
3329,3250.08,50,Hogar,Norte,0.42
3330,593.81,83,Ropa,Sur,0.04
3331,3074.83,29,Deportes,Centro,0.09
3332,682.61,20,Alimentos,Centro,0.4
3333,2526.95,14,Electronica,Oeste,0.44
3334,246.77,4,Electronica,Oeste,0.04
3335,,36,Electronica,Oeste,0.47
3336,4382.83,89,Deportes,Este,0.45
3337,1631.79,46,Deportes,Este,
3338,4559.05,,Alimentos,Centro,0.35
3339,3422.86,45,Deportes,Norte,0.02
3340,3327.45,38,Hogar,Sur,0.23
3341,956.72,69,Electronica,Este,0.2
3342,483.15,37,Electronica,Este,0.26
3343,1879.75,75,Hogar,Oeste,0.07
3344,428.59,50,Electronica,Este,0.36
3345,641.74,52,Hogar,Norte,0.3
3346,1851.04,64,Ropa,,0.41
3347,4674.11,27,Alimentos,Sur,0.47
3348,1711.15,5,Deportes,Este,
3349,4393.46,14,Ropa,,0.42
3350,3662.09,26,Alimentos,Oeste,0.09
3351,,80,Ropa,Norte,0.33
3352,,19,Ropa,Este,0.29
3353,3205.17,4,Deportes,Sur,0.27
3354,3177.7,62,Alimentos,,0.27
3355,4640.21,68,Deportes,Centro,0.05
3356,549.7,,Hogar,Este,
3357,2044.96,67,Ropa,Este,0.38
3358,2261.03,45,Alimentos,Centro,0.21
3359,3746.18,81,Ropa,Sur,0.16
3360,342.7,68,Alimentos,,0.38
3361,1685.37,95,Electronica,Oeste,0.26
3362,2178.57,91,Deportes,Este,
3363,3483.0,11,Alimentos,Sur,0.06
3364,1953.18,25,Hogar,Norte,0.39
3365,1481.19,11,Electronica,,0.48
3366,1390.43,19,Alimentos,Oeste,0.43
3367,4658.21,77,Electronica,Este,0.43
3368,4094.35,75,Deportes,Norte,0.08
3369,,,Alimentos,Oeste,0.32
3370,3558.64,71,Deportes,Oeste,0.31
3371,273.17,17,Deportes,Oeste,0.29
3372,4591.97,63,,Sur,0.29
3373,841.06,78,Hogar,,0.28
3374,3430.38,94,Ropa,Centro,0.37
3375,2301.86,64,Hogar,Este,0.23
3376,23.64,49,Deportes,Norte,0.07
3377,909.02,69,Deportes,Centro,0.29
3378,2780.21,57,Deportes,Norte,0.13
3379,3611.0,76,Electronica,Oeste,0.22
3380,1988.48,70,Alimentos,Este,0.12
3381,1703.56,36,Deportes,Oeste,0.5
3382,774.33,16,Ropa,Norte,
3383,3539.07,91,Deportes,Oeste,0.11
3384,2899.02,95,Alimentos,Este,0.28
3385,3115.21,97,Hogar,Oeste,0.05
3386,2485.24,60,Deportes,Centro,0.25
3387,1047.05,12,,Centro,0.5
3388,,70,Ropa,Centro,0.09
3389,3399.49,52,,,0.43
3390,535.78,1,Alimentos,Sur,0.09
3391,1311.43,2,Hogar,Oeste,0.43
3392,4537.62,59,Deportes,Norte,0.01
3393,4529.15,85,Deportes,Sur,0.19
3394,911.63,,Ropa,Oeste,0.06
3395,3374.76,66,Ropa,Este,0.28
3396,2347.52,97,Deportes,Oeste,0.18
3397,597.13,40,Hogar,Sur,0.05
3398,4250.99,,Deportes,Centro,0.21
3399,3434.9,9,Alimentos,Oeste,
3400,1737.11,62,Alimentos,Sur,0.41
3401,2056.56,64,Hogar,Oeste,0.19
3402,3827.25,51,Deportes,Oeste,0.4
3403,1300.12,34,Ropa,Oeste,0.37
3404,4318.35,92,Ropa,Sur,0.13
3405,32.77,87,Ropa,Este,0.26
3406,139.79,45,,Centro,0.43
3407,,28,Deportes,Centro,0.27
3408,2038.37,95,Electronica,Oeste,0.35
3409,4838.11,12,Ropa,Este,0.36
3410,1574.56,,Ropa,Oeste,0.07
3411,2162.25,38,Alimentos,Oeste,0.23
3412,3729.11,18,Deportes,Norte,0.1
3413,737.45,98,,Norte,0.41
3414,2448.72,,Alimentos,Este,0.06
3415,1315.54,61,Ropa,Norte,0.23
3416,1321.61,42,Hogar,Sur,0.33
3417,119.52,45,Hogar,,0.38
3418,149.82,68,Hogar,Centro,0.22
3419,603.15,24,Ropa,Sur,0.36
3420,2311.3,83,Electronica,Sur,0.48
3421,1246.06,65,Electronica,Norte,0.17
3422,3141.7,83,Alimentos,,0.44
3423,,27,Deportes,Centro,0.34
3424,4028.63,67,Alimentos,Norte,0.18
3425,4388.82,62,,Oeste,0.03
3426,4096.74,85,Electronica,Centro,0.4
3427,3122.75,34,Deportes,Centro,0.44
3428,1003.52,81,Alimentos,Este,
3429,3098.47,16,Electronica,Centro,0.08
3430,3293.69,26,Ropa,Este,0.48
3431,2000.76,1,Deportes,Este,0.01
3432,3975.28,24,Electronica,Centro,0.1
3433,471.62,42,Ropa,,
3434,704.46,,Ropa,Norte,0.43
3435,4373.06,5,,Este,0.46
3436,3545.54,67,Hogar,Centro,0.38
3437,4706.15,92,Electronica,Norte,0.34
3438,2432.67,25,Alimentos,Centro,0.44
3439,4783.66,24,Hogar,Centro,0.18
3440,400.93,76,,Centro,
3441,3634.97,43,Hogar,Este,0.13
3442,,38,Alimentos,Centro,0.14
3443,3273.76,92,Hogar,Oeste,0.12
3444,1808.75,77,Alimentos,Norte,0.39
3445,2541.41,85,Hogar,Oeste,0.22
3446,4669.19,74,Electronica,Centro,0.18
3447,4258.37,32,,Este,0.23
3448,4464.07,37,Hogar,Este,0.16
3449,4228.03,55,Hogar,Oeste,0.34
3450,1652.81,44,Hogar,Centro,0.47
3451,109.0,20,Hogar,Sur,0.49
3452,4709.86,15,Electronica,,0.1
3453,1825.86,38,Alimentos,Sur,0.31
3454,2122.69,85,Hogar,Oeste,0.19
3455,274.57,79,Deportes,Centro,0.0
3456,3589.11,11,Hogar,Sur,0.19
3457,3592.4,30,Deportes,Sur,0.28
3458,3342.81,68,Deportes,Norte,0.48
3459,171.89,98,Alimentos,Sur,0.3
3460,,7,Ropa,Centro,
3461,2501.37,,Deportes,Oeste,0.33
3462,4718.47,9,Alimentos,Oeste,0.31
3463,3764.69,58,Ropa,Centro,0.12
3464,2564.96,38,Hogar,Oeste,0.38
3465,4241.9,83,Hogar,Oeste,0.38
3466,2214.5,42,Hogar,Este,0.34
3467,2834.56,68,Alimentos,Centro,0.04
3468,3966.88,43,Hogar,Sur,0.41
3469,1399.35,81,Deportes,Oeste,0.4
3470,4775.98,54,,Centro,0.4
3471,699.83,19,Ropa,Centro,0.39
3472,932.77,60,Alimentos,,0.24
3473,3562.93,53,Deportes,Oeste,0.15
3474,262.03,43,Alimentos,Oeste,0.19
3475,3260.37,48,Electronica,,0.23
3476,340.18,51,Alimentos,Este,0.24
3477,2074.08,60,Alimentos,Este,
3478,1260.3,6,Deportes,Este,0.08
3479,503.26,7,Deportes,Este,0.04
3480,3288.7,53,Deportes,Centro,0.05
3481,1319.24,24,Hogar,Oeste,0.35
3482,1028.04,86,Ropa,Centro,0.36
3483,2014.05,96,,Norte,0.31
3484,,78,Alimentos,Oeste,0.13
3485,2995.0,17,Deportes,Norte,0.35
3486,1081.77,65,Electronica,Oeste,0.02
3487,3711.35,29,,Sur,
3488,4891.9,71,Ropa,Norte,0.14
3489,2237.82,20,Deportes,Este,
3490,439.51,53,Ropa,Oeste,0.43
3491,1702.06,,Alimentos,Oeste,0.13
3492,4471.77,52,,Este,0.24
3493,43.48,96,Deportes,Oeste,0.46
3494,1599.44,99,Electronica,Oeste,0.09
3495,2996.15,31,Ropa,Sur,0.4
3496,,35,Electronica,Oeste,0.37
3497,4089.41,75,Deportes,Sur,0.07
3498,1982.74,96,Alimentos,Centro,0.17
3499,,39,Alimentos,Centro,0.39
3500,3896.39,78,Ropa,Oeste,0.14
3501,1194.39,91,Electronica,,0.35
3502,4499.04,99,Electronica,Sur,0.12
3503,2314.8,96,Alimentos,Centro,0.03
3504,4493.12,29,Deportes,Norte,0.46
3505,4203.64,49,Alimentos,,0.23
3506,2470.44,89,Electronica,Este,0.12
3507,4462.94,100,Electronica,Sur,0.38
3508,1882.09,4,Alimentos,,0.36
3509,3588.29,46,Ropa,Este,0.49
3510,3321.41,49,Ropa,Oeste,0.0
3511,3241.92,84,Ropa,Sur,0.09
3512,4151.82,95,Deportes,Norte,0.03
3513,136.82,29,Deportes,Centro,0.0
3514,,84,Ropa,Oeste,0.02
3515,2639.27,86,Hogar,Norte,0.26
3516,3356.77,90,Electronica,Oeste,0.06
3517,3865.68,52,Ropa,Centro,0.01
3518,3478.34,15,Alimentos,Norte,0.41
3519,1845.13,94,Alimentos,Centro,0.47
3520,229.19,14,Deportes,Oeste,0.37
3521,2708.99,94,Hogar,Este,0.36
3522,3038.03,79,Deportes,Centro,0.33
3523,1936.21,61,Electronica,Centro,0.09
3524,3486.66,55,Hogar,Norte,0.06
3525,4811.01,27,Electronica,Centro,0.34
3526,1087.66,51,Hogar,Sur,0.26
3527,1660.76,22,Deportes,Este,0.3
3528,623.83,21,Alimentos,Norte,0.43
3529,2855.07,17,Hogar,Este,0.11
3530,45.33,84,Alimentos,Norte,0.36
3531,4827.35,64,Hogar,Norte,0.39
3532,3348.24,83,Electronica,,0.17
3533,1761.83,19,,Norte,0.23
3534,944.54,48,Deportes,Sur,0.18
3535,2037.65,59,Alimentos,,0.4
3536,1365.02,75,Electronica,Norte,0.14
3537,,63,Ropa,Centro,0.3
3538,4604.51,,Deportes,Centro,0.4
3539,1074.57,81,Alimentos,Este,0.18
3540,4439.26,12,Alimentos,Oeste,0.25
3541,467.08,53,Hogar,Este,0.47
3542,1422.74,1,Alimentos,Oeste,0.48
3543,3480.35,32,Electronica,Sur,0.0
3544,1149.22,8,Alimentos,Norte,0.4
3545,257.93,32,Electronica,Este,0.26
3546,953.48,34,Electronica,Sur,0.37
3547,537.94,9,Hogar,Norte,0.02
3548,4771.58,16,Alimentos,Norte,0.34
3549,1706.02,9,Alimentos,Oeste,0.22
3550,499.03,61,Ropa,Este,0.28
3551,855.07,15,Deportes,Centro,0.05
3552,568.95,1,Alimentos,Oeste,0.11
3553,2907.5,37,Electronica,Norte,0.21
3554,1513.34,,Alimentos,Centro,0.45
3555,2605.26,80,Hogar,Centro,0.04
3556,3312.06,86,Hogar,Este,0.3
3557,2885.69,41,Electronica,Norte,0.07
3558,2589.32,28,Ropa,Sur,0.2
3559,2718.01,2,Alimentos,Oeste,0.07
3560,412.96,100,Alimentos,Centro,0.5
3561,4000.21,61,Ropa,Centro,0.16
3562,2470.0,55,Deportes,Oeste,0.45
3563,674.8,,Electronica,,0.09
3564,3496.3,48,Deportes,Oeste,0.01
3565,727.48,18,Electronica,Centro,0.09
3566,1040.8,56,Ropa,Este,0.48
3567,1101.55,71,Hogar,Sur,0.46
3568,2299.8,67,Electronica,Sur,
3569,4570.86,30,Ropa,,0.31
3570,2134.78,24,Alimentos,Norte,0.33
3571,4076.4,84,Electronica,Centro,
3572,4512.42,85,Ropa,Oeste,0.31
3573,2083.66,17,Alimentos,Este,0.12
3574,3906.81,36,Alimentos,Este,0.14
3575,4086.57,91,Electronica,Norte,
3576,1044.8,15,Electronica,Oeste,0.35
3577,540.74,55,Electronica,Este,0.38
3578,1262.79,64,Alimentos,Oeste,0.45
3579,3935.3,6,Ropa,Centro,0.1
3580,2582.19,68,Ropa,Este,0.33
3581,3709.91,41,Ropa,Este,0.48
3582,2118.44,64,Deportes,Sur,0.11
3583,4940.18,69,Hogar,Este,0.08
3584,2909.42,4,Deportes,Norte,
3585,2090.32,48,Ropa,,0.34
3586,383.63,70,Hogar,,0.02
3587,2355.56,81,Deportes,Norte,0.38
3588,646.15,,Ropa,Este,0.16
3589,526.85,9,Hogar,,0.4
3590,,26,Hogar,Sur,0.17
3591,,19,Alimentos,Oeste,0.06
3592,430.01,100,Deportes,Centro,0.26
3593,2770.86,59,Alimentos,Sur,0.24
3594,2326.27,28,Ropa,Sur,0.04
3595,,29,Deportes,Este,
3596,2052.4,11,Ropa,Centro,0.4
3597,3429.53,75,Electronica,Norte,0.39
3598,2424.88,43,Deportes,Sur,0.45
3599,3602.86,,Ropa,Oeste,0.41
3600,2819.89,53,Hogar,,0.16
3601,3695.71,10,Alimentos,Este,0.1
3602,3246.16,97,Electronica,Centro,0.16
3603,3389.27,90,Deportes,Sur,0.44
3604,4487.95,14,,Norte,0.02
3605,113.21,40,Ropa,Norte,0.48
3606,1838.47,89,Electronica,Norte,
3607,4927.93,53,Alimentos,Oeste,0.26
3608,1465.26,64,Hogar,Norte,0.13
3609,2512.89,2,Electronica,Este,0.08
3610,3774.81,18,Deportes,Centro,0.19
3611,3288.06,87,Alimentos,Sur,0.11
3612,510.0,80,Deportes,Oeste,0.37
3613,808.42,37,Ropa,,0.06
3614,3840.18,18,Hogar,Norte,0.41
3615,627.87,77,,Sur,0.41
3616,2304.17,20,Alimentos,,0.19
3617,4837.67,27,Ropa,Norte,0.16
3618,1292.88,15,,Oeste,0.46
3619,,95,,,0.29
3620,886.8,40,Hogar,Sur,0.32
3621,1830.86,34,Electronica,Norte,0.16
3622,1566.79,74,Hogar,Norte,0.16
3623,4255.84,27,Deportes,Oeste,0.39
3624,3600.58,8,Alimentos,Sur,0.13
3625,672.16,48,Ropa,Este,0.41
3626,861.12,44,Alimentos,,
3627,3329.94,88,Ropa,Este,0.32
3628,1793.85,90,Alimentos,Este,0.24
3629,1230.18,37,,Centro,0.02
3630,1953.92,17,Alimentos,Oeste,0.34
3631,1143.21,72,Hogar,,0.33
3632,610.81,33,Alimentos,Este,
3633,3017.25,,Deportes,Sur,0.03
3634,3163.0,4,Alimentos,Norte,0.07
3635,1486.76,51,Ropa,Centro,0.11
3636,3371.56,68,Deportes,Sur,0.13
3637,1217.77,64,Alimentos,Este,0.13
3638,3743.54,80,Electronica,Sur,0.23
3639,2467.59,88,Electronica,Sur,0.33
3640,4659.22,4,Ropa,Norte,0.3
3641,4591.02,4,,Oeste,0.14
3642,1836.08,71,Electronica,Sur,0.25
3643,4024.26,78,Alimentos,Sur,0.24
3644,4660.64,18,Hogar,Sur,0.47
3645,1054.93,28,Hogar,Sur,0.11
3646,2602.55,54,,Norte,0.29
3647,,1,,Este,0.38
3648,3486.06,73,Alimentos,Oeste,0.19
3649,4513.51,15,,Sur,0.18
3650,2268.61,,,Sur,0.49
3651,4250.71,14,Alimentos,Este,0.31
3652,263.1,21,Alimentos,Norte,0.23
3653,2062.81,1,Deportes,Oeste,0.24
3654,787.33,67,Ropa,Este,0.38
3655,3863.27,27,Deportes,Oeste,0.16
3656,579.36,80,Electronica,Centro,
3657,288.15,1,,Sur,0.14
3658,3672.55,29,Deportes,Este,0.02
3659,3907.94,88,,Norte,0.47
3660,220.26,57,Alimentos,Sur,0.12
3661,2511.02,14,Ropa,,0.06
3662,4594.7,35,,Este,0.16
3663,735.45,50,Ropa,Este,0.1
3664,3921.64,92,Electronica,Centro,0.19
3665,3476.4,95,Alimentos,Oeste,0.47
3666,381.5,7,Ropa,Este,0.41
3667,2522.5,84,Ropa,Norte,0.27
3668,804.74,15,Deportes,Sur,0.13
3669,1297.11,57,,,0.14
3670,1008.53,66,Ropa,Centro,0.19
3671,255.62,100,Ropa,Sur,0.11
3672,3882.69,47,Electronica,Sur,0.24
3673,,44,Deportes,Sur,0.25
3674,1528.15,50,Electronica,Este,0.0
3675,4056.93,84,Ropa,Este,0.35
3676,4551.53,82,Deportes,Centro,0.33
3677,4450.68,57,Electronica,Norte,0.4
3678,129.35,49,Hogar,,0.14
3679,1392.5,94,Alimentos,Centro,0.24
3680,3303.29,49,Ropa,Este,0.46
3681,3540.83,1,Deportes,Norte,0.13
3682,1455.9,64,Alimentos,Norte,0.14
3683,3630.34,65,Deportes,Sur,0.21
3684,3570.22,75,Ropa,Centro,0.26
3685,76.42,16,Electronica,Este,0.48
3686,1296.54,54,,Este,0.4
3687,4753.32,49,Deportes,Centro,0.15
3688,498.16,95,Hogar,Oeste,0.22
3689,4083.03,50,Electronica,Sur,0.13
3690,,44,Alimentos,Sur,0.07
3691,1821.97,80,Deportes,Sur,0.25
3692,1498.94,22,,Este,
3693,2073.7,77,Deportes,Este,0.23
3694,,62,Ropa,Sur,0.21
3695,4334.27,8,Deportes,Sur,0.27
3696,103.99,15,Hogar,Centro,0.25
3697,1718.98,48,Hogar,Norte,0.14
3698,2063.28,33,Alimentos,,0.35
3699,2861.49,84,Ropa,Oeste,0.36
3700,4569.77,32,Deportes,Centro,0.1
3701,1255.43,69,Electronica,Centro,0.16
3702,2917.86,95,Deportes,Oeste,0.13
3703,4745.14,51,Ropa,Este,0.34
3704,2428.81,25,Electronica,Norte,0.28
3705,4940.31,64,,Centro,0.3
3706,3602.89,17,Hogar,Sur,0.09
3707,4302.98,10,Hogar,Este,0.32
3708,3617.02,24,Hogar,Sur,0.05
3709,4927.13,67,Ropa,Centro,0.09
3710,1386.19,83,Deportes,Norte,0.16
3711,4470.37,37,Electronica,Este,0.09
3712,,77,Deportes,,0.43
3713,4701.6,60,Electronica,Sur,
3714,4536.96,,Alimentos,Sur,0.33
3715,650.45,61,Alimentos,Oeste,0.11
3716,640.73,29,Alimentos,Norte,0.15
3717,1951.22,44,Deportes,Sur,0.12
3718,900.26,18,Electronica,Este,0.17
3719,1116.8,7,Deportes,Este,0.24
3720,4458.73,61,Electronica,Centro,0.35
3721,4323.43,15,Alimentos,Centro,0.05
3722,1816.34,12,Electronica,Sur,0.4
3723,172.81,51,Electronica,,0.36
3724,4171.63,33,Ropa,Centro,0.2
3725,2094.92,19,Electronica,Oeste,0.38
3726,829.92,57,Hogar,Centro,0.25
3727,4600.82,41,Ropa,Este,0.05
3728,76.25,8,Alimentos,Oeste,0.11
3729,2381.84,43,Hogar,Este,0.18
3730,3272.84,36,Alimentos,Este,0.32
3731,4860.83,68,,Oeste,0.41
3732,1667.82,64,Deportes,Oeste,0.49
3733,3374.72,73,Hogar,,0.29
3734,3204.63,30,Ropa,Oeste,0.22
3735,2581.61,12,Ropa,Este,
3736,2402.39,48,Ropa,Oeste,0.1
3737,,19,,Oeste,0.15
3738,,63,Electronica,Sur,0.3
3739,3787.26,86,Alimentos,,0.08
3740,3370.17,40,Electronica,Oeste,0.45
3741,3339.74,26,Ropa,Este,0.46
3742,2017.36,4,Alimentos,Oeste,0.49
3743,1889.54,72,Deportes,Sur,0.46
3744,2530.27,96,Alimentos,Este,0.36
3745,2138.73,24,Ropa,Sur,0.28
3746,3673.37,32,Hogar,Centro,0.15
3747,2370.52,88,Ropa,Este,0.09
3748,4890.81,14,Alimentos,Oeste,
3749,245.75,66,Deportes,Oeste,0.25
3750,3082.29,33,Ropa,Centro,0.49
3751,2603.11,91,Alimentos,Centro,0.4
3752,1143.15,13,Deportes,Este,0.27
3753,2930.16,83,Hogar,Sur,0.46
3754,3051.56,12,Electronica,,0.44
3755,2508.37,4,Deportes,Sur,
3756,4641.26,51,Alimentos,Centro,0.34
3757,402.35,24,Hogar,Norte,0.27
3758,1741.68,,Hogar,Este,0.12
3759,2878.6,1,Electronica,Oeste,0.35
3760,4215.26,97,Ropa,Sur,0.15
3761,2554.01,15,Hogar,Centro,0.04
3762,2328.65,92,Ropa,Sur,0.23
3763,4219.61,80,Electronica,Centro,0.5
3764,1014.52,73,Electronica,Norte,0.09
3765,,91,,Este,0.13
3766,2257.09,19,Ropa,Oeste,0.02
3767,1734.88,68,Hogar,Norte,0.37
3768,3788.5,65,Hogar,Centro,0.4
3769,682.82,23,Alimentos,Oeste,0.17
3770,3899.67,6,Alimentos,Norte,0.15
3771,3370.18,26,Electronica,Norte,0.26
3772,3977.85,,Hogar,Oeste,0.16
3773,3909.44,56,Deportes,Sur,0.25
3774,3253.81,85,Ropa,Norte,0.02
3775,4514.34,59,Ropa,Centro,0.49
3776,,71,Electronica,Norte,0.07
3777,1281.82,26,,Norte,0.27
3778,897.96,,Alimentos,Oeste,0.03
3779,3596.48,86,Hogar,Centro,0.27
3780,4760.88,12,Electronica,Centro,0.48
3781,,70,Deportes,Norte,0.47
3782,503.49,36,Hogar,Oeste,0.17
3783,2924.43,35,Electronica,Norte,0.37
3784,1535.59,62,Ropa,Sur,0.23
3785,1261.65,30,Hogar,Este,0.25
3786,3644.0,46,Alimentos,Centro,0.32
3787,1182.42,64,Deportes,Sur,0.23
3788,3625.14,88,Electronica,Centro,0.08
3789,2517.63,26,Hogar,Este,0.4
3790,3388.26,72,Alimentos,Sur,0.36
3791,2767.6,85,Hogar,Sur,0.08
3792,4285.15,50,Hogar,Este,0.03
3793,587.87,18,Alimentos,Oeste,0.2
3794,860.78,72,Hogar,,0.44
3795,1822.21,16,Ropa,Este,0.44
3796,424.84,44,Deportes,Este,0.29
3797,4065.69,69,Alimentos,Centro,0.09
3798,1838.6,15,Hogar,Sur,0.45
3799,3304.83,76,Alimentos,Sur,0.25
3800,3260.81,68,Electronica,Norte,0.19
3801,1583.84,48,Ropa,Oeste,0.33
3802,891.22,31,Deportes,Este,
3803,4988.22,,Alimentos,Sur,0.07
3804,2677.69,50,Electronica,Oeste,0.15
3805,,96,,Centro,0.06
3806,1215.52,40,Electronica,Oeste,0.44
3807,3501.77,,Alimentos,Este,0.21
3808,516.36,41,Ropa,Norte,
3809,,7,Deportes,Centro,0.49
3810,3196.16,23,,Centro,0.2
3811,709.34,,Deportes,Oeste,0.2
3812,1310.04,,Alimentos,Oeste,0.03
3813,,63,Hogar,,0.35
3814,2896.18,91,Deportes,Este,0.16
3815,3489.16,97,Ropa,Norte,0.35
3816,2497.07,85,Ropa,Oeste,0.32
3817,,81,Alimentos,Centro,0.18
3818,27.19,30,Hogar,Sur,0.49
3819,3838.66,80,Deportes,Este,0.19
3820,2342.67,3,Ropa,Norte,0.16
3821,652.01,18,Electronica,Sur,0.42
3822,1729.44,65,Alimentos,Sur,0.39
3823,4006.51,61,Alimentos,,0.38
3824,4473.07,47,Hogar,Este,0.16
3825,3748.68,94,,Este,0.08
3826,3723.63,54,Electronica,Este,0.3
3827,4261.24,76,Deportes,Oeste,0.45
3828,814.73,51,Deportes,Sur,0.34
3829,1124.23,35,,Norte,
3830,3573.92,37,Alimentos,Centro,0.28
3831,3537.29,78,Ropa,Oeste,0.19
3832,658.55,22,,Norte,
3833,1234.11,53,Hogar,Sur,0.26
3834,3255.28,78,Deportes,,0.09
3835,4772.47,11,,Sur,0.4
3836,4076.93,12,Hogar,,0.15
3837,84.39,26,Electronica,Norte,0.24
3838,,54,Hogar,Oeste,0.49
3839,4267.29,59,Deportes,Sur,0.18
3840,4813.88,43,Electronica,Norte,0.35
3841,3123.19,48,Ropa,Sur,0.41
3842,4731.25,47,Deportes,Norte,0.49
3843,720.56,56,,Norte,0.4
3844,4995.38,39,Electronica,Oeste,0.25
3845,2814.62,33,Deportes,Norte,0.23
3846,1412.96,42,Electronica,Este,0.46
3847,1035.19,15,Deportes,Centro,0.27
3848,427.74,92,Alimentos,Oeste,0.48
3849,1672.4,96,Hogar,Este,0.29
3850,2165.63,19,,,0.29
3851,1519.28,95,Alimentos,Norte,0.25
3852,2513.02,63,,Este,0.17
3853,4694.74,79,Alimentos,Sur,0.11
3854,3489.91,89,Electronica,Oeste,0.04
3855,3506.76,87,Alimentos,,0.21
3856,3092.32,96,Alimentos,Oeste,0.44
3857,3239.75,92,Deportes,Oeste,0.44
3858,2513.11,46,Deportes,Norte,0.21
3859,3714.86,42,Hogar,Centro,0.21
3860,4901.87,54,Electronica,Este,0.12
3861,3479.53,10,Ropa,Este,0.29
3862,4655.88,48,Electronica,Oeste,0.2
3863,2257.99,40,Deportes,Este,0.38
3864,2857.49,81,Deportes,Sur,0.2
3865,814.37,34,Ropa,Este,0.19
3866,3660.21,18,Alimentos,Norte,0.47
3867,1955.31,97,Hogar,Norte,0.29
3868,1817.29,50,Ropa,Oeste,
3869,2088.81,95,Alimentos,Centro,0.23
3870,4002.94,,Electronica,Sur,0.0
3871,97.24,40,Hogar,Este,0.09
3872,3624.51,53,Ropa,,0.28
3873,4878.1,,Deportes,Oeste,0.43
3874,3308.28,26,Electronica,Sur,0.48
3875,397.62,78,Hogar,Oeste,
3876,3256.4,39,Ropa,Este,0.25
3877,1403.01,,Ropa,Centro,0.34
3878,4965.91,63,Electronica,Sur,0.17
3879,3699.5,89,Electronica,Este,0.34
3880,,94,Deportes,,0.18
3881,633.38,51,Alimentos,Centro,0.14
3882,1780.92,77,Ropa,Norte,0.12
3883,1386.3,64,Electronica,Este,0.29
3884,4196.53,22,Hogar,Centro,0.35
3885,3284.46,73,Ropa,Centro,0.01
3886,2904.1,86,Alimentos,Oeste,0.41
3887,388.74,70,Electronica,Norte,0.22
3888,2915.19,48,Deportes,Sur,0.36
3889,3257.61,98,Ropa,Norte,0.47
3890,2897.97,20,Deportes,Sur,0.02
3891,3528.84,6,,Sur,0.22
3892,3561.22,71,,Centro,0.03
3893,4262.87,29,Hogar,Este,0.47
3894,4934.7,54,Electronica,Este,0.23
3895,1438.58,25,,Oeste,0.24
3896,1223.72,93,Alimentos,Oeste,0.3
3897,3270.74,31,Deportes,Norte,0.03
3898,808.34,13,Hogar,Este,0.29
3899,3887.89,88,Electronica,Norte,
3900,1933.6,78,,,0.38
3901,3359.26,5,Alimentos,Sur,0.26
3902,3643.68,52,Electronica,Este,0.12
3903,541.03,74,Electronica,Norte,0.03
3904,633.63,82,Electronica,Centro,0.4
3905,985.61,39,Deportes,Sur,0.01
3906,2245.16,76,Ropa,Centro,
3907,3398.51,50,Ropa,Centro,0.02
3908,1604.31,10,Electronica,Centro,0.39
3909,4869.0,69,Ropa,,0.15
3910,986.78,89,Hogar,Sur,0.33
3911,1912.49,1,Electronica,Norte,0.17
3912,4125.39,61,Hogar,Oeste,0.03
3913,2966.61,86,Ropa,,0.3
3914,4850.77,41,Deportes,Sur,0.13
3915,4180.62,2,Deportes,Sur,0.24
3916,2987.51,23,Electronica,Oeste,0.17
3917,4208.43,34,Alimentos,Este,0.05
3918,1780.44,39,Ropa,Este,0.47
3919,2099.21,78,Deportes,Norte,0.02
3920,519.61,95,Deportes,Norte,0.45
3921,2141.99,64,,Centro,0.32
3922,,26,,Este,0.1
3923,3514.23,63,,Este,0.48
3924,4500.24,89,Ropa,Centro,0.1
3925,1801.03,42,Alimentos,Centro,0.17
3926,3191.65,69,Ropa,Sur,0.41
3927,1890.79,96,Deportes,Oeste,0.39
3928,2316.15,62,Ropa,Norte,0.4
3929,2784.76,36,Ropa,Norte,0.38
3930,4339.73,79,Electronica,Sur,0.36
3931,3509.98,97,Hogar,Sur,0.43
3932,1257.28,65,Deportes,Este,0.17
3933,2651.54,31,,Oeste,0.38
3934,1019.11,65,Alimentos,Norte,0.24
3935,2236.65,70,Deportes,Oeste,0.18
3936,466.43,95,Deportes,Centro,0.03
3937,1464.4,39,Deportes,Norte,0.03
3938,4255.94,23,Hogar,Sur,0.4
3939,394.78,3,,Oeste,0.15
3940,765.48,31,Deportes,,0.35
3941,1423.49,64,Ropa,Sur,0.04
3942,3400.66,13,Hogar,Oeste,0.48
3943,4923.74,68,Alimentos,Centro,0.42
3944,2271.31,49,Electronica,Centro,0.45
3945,2137.81,,Electronica,Oeste,0.39
3946,1484.49,82,Ropa,Centro,0.13
3947,4115.02,18,Hogar,Oeste,0.14
3948,1443.01,29,,Sur,0.07
3949,1372.66,100,Alimentos,Norte,0.1
3950,4002.26,2,Alimentos,,0.38
3951,3295.6,82,Hogar,Centro,0.02
3952,4650.81,100,Deportes,Este,0.38
3953,4052.84,71,Ropa,Sur,0.15
3954,3359.01,46,Alimentos,Oeste,0.09
3955,2739.98,21,Electronica,Norte,0.22
3956,1143.73,36,Deportes,Norte,0.3
3957,4821.25,47,Hogar,Oeste,
3958,3942.69,30,,Sur,0.14
3959,1967.96,77,Deportes,Centro,0.13
3960,,4,Alimentos,Sur,0.32
3961,2955.96,,Alimentos,Centro,0.01
3962,3305.65,4,Ropa,Sur,0.06
3963,3073.37,37,Electronica,Oeste,0.29
3964,4698.58,2,Alimentos,Centro,
3965,4577.21,43,Alimentos,Centro,0.24
3966,1888.3,,Alimentos,Oeste,0.2
3967,744.16,70,Deportes,Sur,
3968,4288.65,87,,Sur,0.31
3969,589.25,,Hogar,Oeste,0.39
3970,1451.9,7,Hogar,Norte,0.37
3971,751.6,71,Alimentos,Centro,0.17
3972,3068.32,,Deportes,Oeste,0.38
3973,,45,Hogar,Este,0.3
3974,155.82,80,Hogar,Este,0.24
3975,1012.52,58,Deportes,,0.02
3976,2296.81,40,Alimentos,Oeste,0.4
3977,1927.81,5,Alimentos,Oeste,0.39
3978,4245.35,7,Electronica,Oeste,0.37
3979,1572.29,36,Ropa,Centro,0.02
3980,2533.72,9,Deportes,Este,0.21
3981,909.29,40,Alimentos,Centro,0.06
3982,2100.8,15,Ropa,Norte,0.19
3983,722.14,16,Deportes,Sur,0.25
3984,4776.64,80,Electronica,Este,0.01
3985,2803.5,48,,Sur,0.36
3986,2084.55,42,Hogar,Oeste,0.2
3987,4173.87,91,Electronica,,0.05
3988,1362.28,48,Electronica,,0.07
3989,4845.11,,Hogar,Sur,0.3
3990,2811.27,43,Ropa,Este,0.15
3991,3557.35,95,Deportes,Sur,0.45
3992,2042.29,42,Deportes,Oeste,0.22
3993,3512.72,94,Electronica,Este,0.33
3994,2936.91,46,Hogar,Centro,0.3
3995,3575.0,,Electronica,Sur,0.24
3996,4770.69,38,Hogar,Oeste,0.45
3997,2404.08,57,Hogar,Oeste,0.08
3998,4787.64,,Hogar,Centro,0.38
3999,3439.33,71,Hogar,Sur,0.24
4000,2194.82,45,Ropa,Este,0.48
4001,4978.08,62,Hogar,Centro,0.21
4002,3268.59,56,Alimentos,Este,0.2
4003,,51,,Oeste,0.12
4004,4326.36,99,Hogar,Oeste,0.41
4005,1436.0,,Electronica,Oeste,0.32
4006,1391.32,90,Electronica,Norte,0.48
4007,4447.89,67,Ropa,Sur,
4008,4033.24,97,Alimentos,Este,0.33
4009,555.52,57,Alimentos,Norte,
4010,4784.91,48,Hogar,Este,
4011,637.9,87,Deportes,Sur,0.42
4012,1593.23,20,Electronica,Sur,0.12
4013,1732.46,62,Hogar,Este,0.48
4014,2927.23,67,,Oeste,0.17
4015,1339.26,43,,Oeste,0.01
4016,564.43,54,Electronica,Oeste,0.2
4017,1245.06,17,Hogar,,0.4
4018,478.43,14,Hogar,,0.35
4019,1365.99,72,Hogar,Este,0.48
4020,3822.72,94,Hogar,Oeste,0.44
4021,3009.36,,Alimentos,Centro,
4022,64.54,66,Electronica,Este,
4023,130.69,71,Electronica,Sur,0.06
4024,3209.66,85,Ropa,Sur,0.4
4025,490.58,73,Electronica,Este,0.01
4026,4814.14,100,Alimentos,Sur,0.25
4027,797.67,35,Alimentos,Este,0.41
4028,4236.94,75,,Oeste,0.12
4029,4843.25,92,Alimentos,Centro,0.06
4030,1059.35,74,Deportes,Oeste,0.42
4031,506.63,6,Deportes,Sur,0.07
4032,655.27,29,Alimentos,Centro,
4033,1930.81,24,Deportes,Este,0.45
4034,1606.37,65,Ropa,Este,0.34
4035,185.5,35,Hogar,Este,0.46
4036,4639.74,23,Alimentos,Sur,
4037,3323.2,19,Ropa,Sur,0.22
4038,874.22,33,Alimentos,Oeste,0.1
4039,4106.85,5,Ropa,Norte,0.48
4040,2274.48,4,Electronica,Oeste,0.28
4041,2859.1,29,Alimentos,Centro,0.33
4042,3716.21,31,Hogar,Centro,0.06
4043,4442.74,63,Ropa,Norte,0.13
4044,4363.05,71,Deportes,Norte,0.13
4045,3213.84,92,Ropa,Este,0.31
4046,1625.89,79,Hogar,Sur,0.13
4047,1265.01,44,Deportes,Este,
4048,503.54,68,Hogar,Sur,0.5
4049,1984.2,63,Electronica,Este,0.25
4050,4501.58,76,Deportes,Oeste,0.12
4051,1919.68,93,Alimentos,Norte,0.34
4052,4866.88,53,Hogar,Este,0.21
4053,4935.86,68,Deportes,Oeste,0.03
4054,2074.25,29,Alimentos,Centro,0.16
4055,4861.94,72,Alimentos,Norte,0.22
4056,1407.52,63,Deportes,Centro,0.07
4057,4154.01,73,Deportes,Oeste,0.44
4058,3160.16,18,Electronica,,
4059,,23,Electronica,Este,0.2
4060,2444.77,14,Electronica,Oeste,0.29
4061,3164.17,2,Alimentos,Oeste,0.0
4062,1368.12,62,Deportes,Oeste,0.45
4063,3297.85,67,Electronica,Centro,0.02
4064,3716.0,84,Ropa,Oeste,0.46
4065,3379.19,64,Ropa,Este,0.13
4066,2413.12,,Deportes,Norte,0.0
4067,2354.21,81,Electronica,Oeste,0.31
4068,3303.51,5,Hogar,Oeste,0.13
4069,1368.38,96,Alimentos,Este,0.06
4070,2504.76,95,Hogar,Centro,0.08
4071,726.32,69,Ropa,Norte,0.37
4072,2803.38,8,Deportes,Oeste,0.09
4073,1343.81,96,Hogar,Centro,0.47
4074,3944.43,52,Hogar,Oeste,0.12
4075,3491.69,75,Deportes,Oeste,0.02
4076,2007.49,8,Electronica,Norte,0.1
4077,390.72,58,Electronica,Centro,0.44
4078,1026.39,98,Hogar,Sur,0.38
4079,1827.63,81,Deportes,Oeste,0.38
4080,2346.72,47,Electronica,Sur,0.3
4081,4600.07,98,Deportes,Oeste,0.05
4082,,74,Ropa,Oeste,0.39
4083,979.2,54,,Centro,
4084,1439.2,62,Electronica,Sur,0.07
4085,3232.51,76,Hogar,Este,0.21
4086,3002.17,89,Alimentos,Norte,0.44
4087,4491.76,86,Ropa,Sur,0.07
4088,1787.29,57,Ropa,Centro,0.25
4089,1505.1,53,Alimentos,Este,0.15
4090,2276.99,67,Electronica,Este,0.38
4091,251.15,70,Alimentos,Este,0.2
4092,3254.3,2,Hogar,Oeste,0.28
4093,1303.67,11,Deportes,Oeste,0.22
4094,1923.57,50,Alimentos,Oeste,0.12
4095,2872.51,26,Ropa,Oeste,0.29
4096,855.49,10,Ropa,Oeste,0.09
4097,4934.78,22,Electronica,Sur,0.14
4098,136.97,83,,Centro,0.08
4099,1185.03,49,Alimentos,Centro,
4100,2198.22,93,Hogar,Centro,0.22
4101,2254.75,96,Alimentos,Sur,0.34
4102,3160.58,34,Hogar,,0.4
4103,4222.05,44,Ropa,Sur,0.24
4104,1115.19,59,Deportes,Centro,0.19
4105,4163.87,48,Ropa,Sur,0.44
4106,207.25,8,Electronica,Oeste,0.01
4107,1824.78,,Alimentos,Este,0.03
4108,4299.35,61,Ropa,Norte,0.07
4109,3816.2,26,Alimentos,Oeste,0.4
4110,4534.7,70,Ropa,Norte,
4111,4581.55,72,Deportes,Centro,0.31
4112,3509.29,25,Deportes,Oeste,0.47
4113,3207.92,32,Deportes,Centro,0.42
4114,2518.71,43,Alimentos,Este,0.4
4115,2221.23,52,Electronica,Norte,0.3
4116,3062.71,89,Deportes,Este,0.2
4117,83.42,86,Electronica,Este,0.18
4118,2757.97,93,Alimentos,Centro,0.22
4119,4237.98,5,Hogar,Este,0.34
4120,3454.96,47,Hogar,Centro,0.2
4121,3097.97,99,,Sur,0.35
4122,2046.69,24,Hogar,Centro,0.06
4123,145.33,62,Hogar,Centro,0.26
4124,562.64,93,Electronica,Norte,0.16
4125,2133.39,5,Electronica,Este,0.26
4126,2511.79,55,Hogar,Sur,0.38
4127,2130.71,6,Alimentos,Oeste,0.24
4128,3676.39,42,Hogar,Sur,0.41
4129,64.63,,Deportes,Centro,0.41
4130,3142.77,42,Deportes,Este,0.08
4131,3148.27,,Electronica,,
4132,1852.39,95,Electronica,Norte,0.38
4133,598.82,15,Hogar,Este,0.32
4134,,85,,Este,0.02
4135,174.41,76,,Centro,0.31
4136,190.5,40,Hogar,Centro,0.15
4137,4601.97,84,Hogar,Sur,0.28
4138,1629.41,96,Ropa,Este,0.02
4139,3341.07,83,Hogar,Sur,0.39
4140,180.91,,Deportes,Centro,
4141,,93,Hogar,Sur,0.38
4142,526.93,,Deportes,Oeste,0.05
4143,2491.59,,Hogar,Centro,0.48
4144,4467.12,81,Ropa,Este,0.19
4145,1908.21,53,Electronica,Este,0.08
4146,544.48,76,Ropa,Centro,0.2
4147,2493.37,75,Deportes,,0.24
4148,2530.53,16,Alimentos,Norte,0.12
4149,188.93,49,Alimentos,Oeste,0.41
4150,4241.58,14,Alimentos,Centro,0.22
4151,721.45,54,Alimentos,Centro,0.14
4152,576.95,94,Deportes,Oeste,0.28
4153,3016.69,25,Ropa,Sur,0.3
4154,3352.24,,Alimentos,Este,0.14
4155,,89,Alimentos,Oeste,0.18
4156,991.3,56,Alimentos,Este,0.42
4157,4213.12,46,Alimentos,Oeste,0.07
4158,1842.12,65,Deportes,Norte,0.26
4159,2356.71,25,Deportes,Centro,0.02
4160,3667.85,53,Hogar,Oeste,0.23
4161,2150.58,79,Electronica,Este,0.25
4162,2689.45,91,Deportes,Centro,0.15
4163,3937.89,63,Hogar,Este,0.44
4164,3019.67,88,Hogar,Sur,0.2
4165,163.58,16,Electronica,Centro,0.36
4166,,6,Ropa,Este,0.28
4167,3325.41,13,Deportes,Sur,0.05
4168,680.18,16,Deportes,Este,0.11
4169,364.45,100,Deportes,Este,0.45
4170,1304.15,41,Hogar,,0.04
4171,920.83,46,Hogar,Sur,0.2
4172,1558.14,71,Alimentos,Centro,0.07
4173,736.35,55,Ropa,Oeste,0.05
4174,306.43,10,Deportes,Norte,0.24
4175,3546.94,9,Hogar,Sur,
4176,2116.15,48,Hogar,Oeste,
4177,4048.57,15,Ropa,,0.22
4178,2269.62,97,Deportes,Sur,0.01
4179,,95,Hogar,,0.09
4180,3261.6,37,Deportes,Centro,0.16
4181,3082.14,22,Ropa,Sur,0.27
4182,2876.61,23,,Sur,0.16
4183,4753.87,63,Electronica,Oeste,0.18
4184,1808.23,70,Deportes,Este,0.24
4185,1087.34,77,Alimentos,Este,0.12
4186,1404.31,70,,Oeste,0.25
4187,4846.68,7,Electronica,Norte,0.06
4188,3830.59,91,Electronica,Este,0.14
4189,2905.53,15,Electronica,Centro,
4190,4944.97,42,Ropa,Oeste,0.42
4191,2837.4,50,Ropa,Oeste,0.07
4192,267.16,20,Hogar,Centro,0.0
4193,2328.23,6,Deportes,Centro,0.06
4194,4480.46,,Hogar,Sur,0.38
4195,790.7,29,Hogar,Sur,0.18
4196,1202.84,20,Hogar,Norte,0.4
4197,2073.99,3,Alimentos,Oeste,0.29
4198,410.36,6,Ropa,Oeste,0.04
4199,3122.1,64,Hogar,Este,0.34
4200,4719.67,91,Electronica,Centro,0.46
4201,497.68,41,,Este,0.06
4202,1467.35,40,Hogar,Sur,0.44
4203,4615.83,92,Hogar,Este,0.29
4204,4719.94,70,,Norte,0.37
4205,3976.26,52,,Norte,0.04
4206,3362.16,69,Electronica,Norte,0.05
4207,4824.22,49,Electronica,,0.42
4208,3874.1,95,Hogar,Oeste,0.15
4209,4796.54,10,Ropa,Norte,0.44
4210,1271.13,41,Ropa,Centro,0.33
4211,1147.98,83,Electronica,Oeste,0.5
4212,1312.25,67,Electronica,Este,0.47
4213,1194.14,55,Hogar,Este,0.07
4214,3807.44,56,Electronica,Este,0.14
4215,1443.52,28,Ropa,Este,0.5
4216,3715.44,81,Deportes,Norte,0.34
4217,2679.97,88,Electronica,Centro,0.23
4218,73.39,87,Alimentos,Oeste,0.43
4219,1340.99,84,Hogar,Oeste,0.43
4220,,65,Ropa,,0.08
4221,3513.42,41,Deportes,Norte,
4222,3739.43,80,Electronica,Este,0.29
4223,111.12,85,Deportes,Norte,0.02
4224,2237.33,51,Deportes,Sur,0.2
4225,2132.97,12,,Oeste,0.43
4226,2442.4,79,Electronica,Sur,
4227,618.08,16,Deportes,Sur,0.29
4228,4778.08,50,,Sur,0.07
4229,1723.45,55,Electronica,Este,0.09
4230,1399.95,84,Hogar,Oeste,0.09
4231,903.59,87,,Norte,0.36
4232,1196.11,15,,Este,0.25
4233,256.82,43,Alimentos,Norte,0.07
4234,2875.52,95,Deportes,Este,0.25
4235,914.76,75,Electronica,Norte,0.07
4236,747.2,14,,Norte,0.44
4237,2379.74,98,Deportes,Centro,0.09
4238,4063.46,14,Ropa,Sur,0.07
4239,2790.79,68,Hogar,,0.44
4240,3821.83,27,Electronica,Este,0.42
4241,2200.83,62,Electronica,Centro,0.06
4242,1882.04,1,Electronica,Centro,0.4
4243,4627.41,39,Ropa,Sur,0.3
4244,1395.14,95,Ropa,Este,0.27
4245,1981.46,47,Electronica,,0.02
4246,4591.5,65,Deportes,Norte,0.43
4247,142.03,23,Alimentos,,0.37
4248,3647.15,63,Alimentos,Este,0.49
4249,355.4,99,Ropa,Norte,0.16
4250,85.6,88,Hogar,Sur,0.03
4251,2867.49,92,Deportes,Sur,0.05
4252,,27,Electronica,Oeste,0.42
4253,4862.79,,Ropa,,0.24
4254,2694.57,7,Deportes,Oeste,0.14
4255,487.02,35,Hogar,Oeste,0.35
4256,1804.13,42,Ropa,Centro,0.21
4257,,29,Electronica,Oeste,0.46
4258,4533.09,5,Deportes,,0.24
4259,3478.14,2,Hogar,Este,0.27
4260,2180.0,58,Electronica,Oeste,0.37
4261,4980.29,,Alimentos,Este,0.03
4262,3331.58,36,Electronica,Oeste,
4263,3995.47,77,Electronica,Este,0.02
4264,396.8,45,Hogar,,0.27
4265,1277.94,56,,,0.26
4266,,3,Alimentos,Oeste,0.21
4267,1059.23,69,Electronica,Centro,0.18
4268,714.14,55,,Centro,0.22
4269,,43,Ropa,Norte,0.04
4270,1923.36,85,Deportes,Norte,0.28
4271,548.7,57,,Norte,0.46
4272,3420.39,62,Ropa,Norte,0.49
4273,3455.45,100,Hogar,Norte,0.35
4274,1539.91,53,Deportes,Este,0.46
4275,3219.94,98,Deportes,Centro,0.34
4276,341.22,31,Alimentos,Centro,0.32
4277,789.81,96,Alimentos,Este,0.49
4278,4547.9,40,,Oeste,
4279,3804.9,52,Alimentos,Centro,0.49
4280,96.33,97,Hogar,Este,0.2
4281,2352.76,68,Ropa,Centro,
4282,2692.41,17,Hogar,Oeste,0.29
4283,4752.24,89,Alimentos,Este,0.29
4284,2886.44,27,Electronica,Este,0.22
4285,4287.47,15,Hogar,Sur,
4286,3669.76,54,Hogar,Oeste,0.33
4287,4971.82,46,Electronica,Este,0.42
4288,3750.59,47,Electronica,Centro,0.14
4289,4390.9,42,Hogar,Este,0.19
4290,2750.13,94,Hogar,Este,0.33
4291,4857.94,,Alimentos,Norte,0.17
4292,806.94,61,Ropa,Centro,0.31
4293,2540.01,8,Ropa,Oeste,0.28
4294,119.14,55,Ropa,Oeste,0.27
4295,1534.63,83,Alimentos,Este,0.3
4296,,78,Ropa,Oeste,0.4
4297,1283.96,14,Deportes,Sur,0.14
4298,2144.49,88,Alimentos,,0.09
4299,374.42,61,Ropa,,0.24
4300,110.57,28,Deportes,,0.37
4301,3855.08,23,Ropa,Este,0.22
4302,492.86,,Deportes,Norte,0.34
4303,876.85,54,,Sur,0.02
4304,4967.52,34,Electronica,Norte,0.18
4305,4132.87,96,Hogar,Oeste,0.5
4306,1272.77,38,Hogar,Este,0.28
4307,2651.86,32,Deportes,Este,0.24
4308,1221.98,94,Electronica,Centro,0.22
4309,377.73,6,Hogar,Centro,0.17
4310,4310.27,40,Hogar,Centro,0.35
4311,3812.67,31,Alimentos,Norte,0.44
4312,4275.88,57,Deportes,Centro,0.24
4313,1476.35,91,Deportes,Oeste,0.39
4314,4175.08,96,Electronica,Este,0.11
4315,,2,,Este,0.05
4316,3443.94,24,Alimentos,Sur,0.22
4317,1592.66,27,Electronica,Este,0.45
4318,1850.05,29,Electronica,Norte,0.05
4319,3466.81,25,Electronica,Sur,0.48
4320,,91,Hogar,Sur,0.5
4321,2979.85,85,Electronica,Este,
4322,2071.59,71,Alimentos,,0.08
4323,,68,Hogar,Norte,0.13
4324,3253.39,35,,Oeste,0.27
4325,4151.1,4,Electronica,Este,0.02
4326,4614.01,74,Hogar,,0.31
4327,2412.19,25,Hogar,Centro,0.35
4328,253.18,65,Hogar,Este,0.17
4329,1551.53,97,Deportes,Norte,0.3
4330,3801.61,34,Hogar,Norte,0.37
4331,2792.59,49,,,0.48
4332,3929.45,63,Hogar,Oeste,
4333,1633.86,,Alimentos,Centro,0.14
4334,1306.58,52,Electronica,Norte,0.31
4335,4096.6,86,Ropa,Este,0.21
4336,4737.09,38,Deportes,Sur,0.03
4337,4634.91,49,Electronica,Norte,0.04
4338,1103.72,61,Hogar,Norte,0.47
4339,1567.88,59,,Norte,0.16
4340,4159.41,97,Electronica,,0.36
4341,2368.89,65,Electronica,Oeste,0.18
4342,2413.68,,Ropa,Sur,0.07
4343,1166.62,16,Ropa,Sur,0.01
4344,887.64,63,Hogar,Este,0.1
4345,276.65,74,,Este,0.34
4346,3441.93,99,Deportes,,0.37
4347,3872.17,52,Electronica,Centro,0.03
4348,747.87,85,,Sur,
4349,3677.45,31,Alimentos,Centro,0.11
4350,620.63,49,Deportes,Este,0.22
4351,1985.85,25,Alimentos,Oeste,0.49
4352,944.1,8,Alimentos,,0.09
4353,4726.46,,Hogar,Centro,0.01
4354,489.02,26,Electronica,Norte,0.14
4355,1616.45,37,Deportes,Norte,0.48
4356,1386.88,90,Electronica,Centro,0.42
4357,4758.89,5,Ropa,Centro,0.28
4358,1426.72,79,Deportes,Norte,0.32
4359,78.71,68,Alimentos,Sur,0.08
4360,,7,,Centro,0.32
4361,4754.74,43,Electronica,Sur,0.1
4362,126.69,22,Alimentos,Sur,0.39
4363,,69,Electronica,Este,0.16
4364,2343.23,57,Alimentos,,0.24
4365,1045.28,96,Electronica,Este,0.44
4366,4109.48,3,,Norte,0.47
4367,3676.21,43,Ropa,Sur,0.3
4368,3502.29,100,Alimentos,Centro,0.29
4369,3060.7,,Ropa,Oeste,0.34
4370,1838.0,6,Electronica,Sur,0.07
4371,1488.9,83,,Oeste,0.49
4372,1439.39,39,Ropa,Este,0.21
4373,4843.8,77,Deportes,Este,0.14
4374,,41,Ropa,Norte,0.46
4375,3088.76,53,Electronica,Norte,0.12
4376,4053.2,29,Electronica,Oeste,0.26
4377,,4,Electronica,Norte,0.36
4378,1229.57,56,Electronica,Sur,0.21
4379,3692.42,62,Ropa,Norte,0.3
4380,4855.01,68,Ropa,Norte,0.28
4381,152.57,75,Hogar,Centro,0.15
4382,1983.89,73,Hogar,Oeste,0.31
4383,4672.85,65,Deportes,Norte,0.03
4384,4421.65,65,Ropa,Norte,0.26
4385,4328.61,70,Electronica,Norte,0.19
4386,2985.93,37,Deportes,Sur,0.31
4387,2790.26,34,Alimentos,Este,0.0
4388,2655.88,74,Alimentos,Centro,
4389,1278.61,41,Ropa,Sur,0.46
4390,355.87,89,Hogar,Este,
4391,3031.17,82,,Centro,0.11
4392,,57,Alimentos,Sur,0.46
4393,637.98,68,Electronica,Este,0.01
4394,4752.53,81,,Norte,0.1
4395,3344.93,18,Alimentos,Norte,0.3
4396,2725.36,93,Hogar,Sur,0.18
4397,,2,Hogar,Norte,0.22
4398,1663.61,53,Hogar,Este,0.07
4399,1718.01,44,Deportes,Oeste,0.15
4400,3052.61,8,Hogar,Este,0.08
4401,,13,Deportes,Sur,0.39
4402,3356.24,31,Deportes,Sur,0.4
4403,3236.26,84,Hogar,Norte,0.21
4404,2010.21,83,Hogar,Norte,0.28
4405,4163.0,53,Hogar,,0.12
4406,747.49,37,,Norte,0.32
4407,3917.03,11,Hogar,Centro,
4408,1547.98,93,Deportes,Oeste,0.03
4409,3677.29,39,Electronica,Este,0.33
4410,3571.85,87,Ropa,,0.25
4411,995.48,51,Electronica,,0.39
4412,3137.86,52,Hogar,Este,0.03
4413,,5,Hogar,Este,0.2
4414,4161.08,98,Alimentos,,0.17
4415,966.36,63,Hogar,,0.13
4416,3507.09,25,Deportes,Este,0.49
4417,3198.38,41,,Este,0.37
4418,822.44,68,Ropa,,0.42
4419,1999.83,94,Ropa,Oeste,0.46
4420,1399.86,37,Deportes,Este,0.39
4421,2628.87,64,Electronica,Oeste,0.37
4422,651.75,98,Ropa,Centro,0.14
4423,3868.9,2,Electronica,,0.31
4424,2214.25,23,Electronica,Este,0.08
4425,647.74,46,Electronica,Sur,0.48
4426,2962.74,,Electronica,Centro,0.23
4427,1146.83,45,Ropa,Sur,0.18
4428,4596.03,92,Electronica,Sur,0.35
4429,3670.07,79,Deportes,Este,0.12
4430,3098.79,27,Deportes,Norte,0.36
4431,916.53,20,,Oeste,0.33
4432,2528.57,60,Alimentos,Oeste,0.23
4433,,83,Hogar,Sur,0.32
4434,900.63,85,Hogar,Sur,0.44
4435,,78,Hogar,Sur,0.13
4436,4623.43,85,Deportes,Oeste,0.35
4437,979.85,14,Electronica,Centro,0.15
4438,1126.53,47,Deportes,Sur,0.36
4439,94.18,46,Ropa,Este,0.3
4440,4005.78,64,Ropa,Sur,0.18
4441,3239.76,100,Alimentos,Este,0.4
4442,4399.89,55,Electronica,Norte,0.43
4443,3930.55,68,Alimentos,Centro,0.33
4444,3777.91,8,Alimentos,Norte,0.18
4445,3928.95,79,Hogar,Oeste,0.17
4446,1044.93,60,Hogar,Oeste,0.45
4447,899.03,87,Alimentos,Este,0.16
4448,1036.0,85,Deportes,Norte,
4449,3256.78,78,Deportes,Este,0.39
4450,3394.27,98,Ropa,Norte,0.19
4451,4739.54,19,Alimentos,Sur,0.22
4452,2073.07,83,Deportes,Norte,0.16
4453,597.34,,Ropa,Oeste,0.33
4454,531.54,95,Deportes,Oeste,0.21
4455,3433.05,12,Alimentos,Norte,0.03
4456,,84,Hogar,Oeste,0.23
4457,2292.62,18,Electronica,Este,0.24
4458,,79,Ropa,Norte,
4459,1488.34,98,Electronica,Norte,0.06
4460,4754.11,60,,Este,0.42
4461,2984.07,91,Ropa,Norte,0.32
4462,4016.41,46,Electronica,Norte,0.24
4463,277.64,59,Electronica,Centro,0.29
4464,3406.85,56,Alimentos,Norte,0.05
4465,3111.53,71,Ropa,Centro,0.31
4466,2568.01,70,Deportes,Centro,0.36
4467,3889.53,80,Hogar,Oeste,0.27
4468,4603.38,90,Deportes,Norte,0.44
4469,1290.43,76,Ropa,Sur,0.01
4470,4290.19,12,Deportes,Este,0.16
4471,,69,Alimentos,Norte,0.15
4472,2249.65,42,Ropa,Este,0.14
4473,2044.52,69,Deportes,,0.11
4474,3636.99,49,,Centro,0.4
4475,,40,Deportes,,0.13
4476,3804.12,20,Electronica,Sur,0.28
4477,4210.02,3,Electronica,Centro,0.42
4478,4806.98,11,Hogar,Oeste,0.32
4479,3425.76,36,Hogar,,0.0
4480,1714.72,45,Alimentos,Oeste,0.14
4481,3422.4,42,Electronica,Sur,0.09
4482,327.18,53,Hogar,Sur,0.17
4483,3055.81,60,Alimentos,Este,0.32
4484,4661.36,47,Ropa,Oeste,0.29
4485,1315.48,18,Hogar,,0.22
4486,1533.19,55,Alimentos,Este,0.12
4487,1394.9,24,,Este,0.26
4488,3012.09,87,Deportes,Este,0.44
4489,4030.89,27,Deportes,Norte,0.01
4490,4486.65,20,Ropa,Sur,0.36
4491,1026.56,95,Hogar,Norte,0.29
4492,4432.97,2,Alimentos,Norte,0.13
4493,1527.57,79,Deportes,Oeste,0.02
4494,3674.68,96,Hogar,,0.09
4495,3764.62,47,Hogar,,0.48
4496,1763.54,87,Electronica,Oeste,0.07
4497,105.33,26,Electronica,Sur,0.32
4498,3836.05,37,Hogar,Centro,0.22
4499,3379.85,63,Deportes,Norte,0.49
4500,4309.32,43,Deportes,Norte,0.09
4501,3523.75,100,Alimentos,Este,0.33
4502,3798.54,98,Ropa,Oeste,0.4
4503,849.32,,Hogar,Este,0.33
4504,661.9,94,,,0.1
4505,4713.54,,Ropa,Este,0.29
4506,189.51,68,Electronica,Centro,0.36
4507,3654.52,,Hogar,Norte,0.24
4508,1231.1,82,Alimentos,Oeste,
4509,1583.31,,,Sur,0.31
4510,2733.76,1,Deportes,Norte,0.47
4511,463.35,59,Ropa,Norte,0.3
4512,4866.12,65,Alimentos,Este,0.49
4513,4164.12,15,Hogar,Oeste,0.09
4514,2797.55,100,,Norte,0.36
4515,1168.51,90,Deportes,Este,0.39
4516,1882.12,34,Electronica,,0.28
4517,3735.63,22,Ropa,Sur,0.36
4518,1787.24,40,Ropa,Norte,0.11
4519,571.07,3,Hogar,Centro,0.35
4520,464.0,41,Electronica,Norte,0.08
4521,655.79,51,Deportes,Norte,0.44
4522,97.92,9,Alimentos,,0.33
4523,3187.98,70,Electronica,Centro,0.04
4524,2802.33,77,Alimentos,Oeste,0.04
4525,3524.06,5,Ropa,,0.25
4526,1825.48,74,Ropa,Este,0.0
4527,4803.15,15,Alimentos,Norte,0.36
4528,4168.52,16,Electronica,Este,0.02
4529,1110.59,76,Deportes,Sur,0.1
4530,5.6,82,Hogar,Sur,0.17
4531,254.19,29,Hogar,Sur,0.26
4532,2942.28,3,Electronica,Oeste,0.01
4533,223.78,56,Alimentos,,0.32
4534,93.87,99,Alimentos,Este,0.49
4535,3715.73,8,Deportes,,0.05
4536,15.94,45,Electronica,Norte,0.26
4537,564.9,45,Electronica,Centro,
4538,1952.47,61,Electronica,Sur,0.4
4539,3369.83,81,Hogar,Centro,0.5
4540,4352.62,98,Ropa,Este,0.39
4541,4728.77,11,Alimentos,Oeste,0.41
4542,1480.29,19,Electronica,Centro,0.36
4543,4688.62,9,Electronica,Norte,0.18
4544,,3,Hogar,Este,0.36
4545,4587.36,58,Electronica,,0.3
4546,128.9,21,Alimentos,Este,0.03
4547,758.59,1,,Sur,0.06
4548,853.15,26,Electronica,Sur,0.04
4549,2732.22,45,Electronica,Sur,0.03
4550,2248.41,,Electronica,Centro,0.13
4551,3776.94,52,,Centro,0.45
4552,2927.29,46,Hogar,Este,0.05
4553,4184.41,49,Ropa,Norte,0.28
4554,4608.86,88,Alimentos,Centro,0.43
4555,780.44,2,Hogar,Sur,0.29
4556,3145.07,14,Alimentos,Sur,0.26
4557,,87,Deportes,Norte,0.27
4558,2816.18,5,Deportes,Norte,0.09
4559,1697.62,,,Sur,0.11
4560,1138.85,38,Hogar,Oeste,
4561,3481.78,75,,,0.06
4562,512.24,78,Alimentos,Este,0.24
4563,,15,Hogar,Centro,0.12
4564,1232.19,82,Hogar,Centro,0.4
4565,3126.53,24,Ropa,Este,0.11
4566,2447.69,,,Norte,0.32
4567,2030.47,14,Alimentos,Oeste,0.13
4568,3261.13,74,Deportes,Oeste,0.22
4569,,93,Electronica,Este,0.29
4570,1192.53,57,Deportes,,0.33
4571,380.85,25,Hogar,Oeste,0.09
4572,718.73,14,Ropa,,0.14
4573,2309.01,97,Alimentos,Oeste,0.17
4574,2263.06,25,Deportes,Sur,0.05
4575,1160.81,3,Deportes,Este,
4576,975.75,71,Electronica,Oeste,0.24
4577,,7,Electronica,Centro,0.4
4578,,17,Ropa,Sur,0.47
4579,2339.11,49,Deportes,Oeste,
4580,395.57,89,Ropa,Centro,0.04
4581,2602.89,40,,Centro,0.32
4582,1153.14,84,Deportes,Oeste,0.14
4583,3453.74,13,Ropa,Sur,0.12
4584,4050.11,14,Deportes,Centro,0.18
4585,175.72,26,,Centro,0.03
4586,4569.78,67,Alimentos,Norte,0.01
4587,2071.12,33,Electronica,Norte,0.04
4588,2687.45,66,Deportes,Este,0.22
4589,2838.79,8,Ropa,Centro,0.45
4590,2131.37,76,Deportes,Sur,0.41
4591,3882.53,,Electronica,Norte,0.15
4592,3999.85,100,,Oeste,0.12
4593,327.27,50,Electronica,Centro,0.5
4594,9.37,14,Deportes,Oeste,0.44
4595,2744.75,43,Deportes,Norte,0.11
4596,1110.72,58,Ropa,Este,0.2
4597,3530.96,73,Hogar,Oeste,0.02
4598,1258.78,54,Hogar,Este,0.35
4599,432.69,35,Hogar,Este,0.17
4600,3441.52,44,Deportes,Sur,0.21
4601,1563.71,22,Electronica,Este,0.31
4602,26.71,50,Hogar,Sur,0.03
4603,3948.47,70,Electronica,Oeste,0.46
4604,1045.57,38,Deportes,Norte,
4605,2456.78,21,Electronica,Oeste,0.45
4606,4293.62,,Deportes,Norte,0.43
4607,4240.57,27,Ropa,Norte,0.1
4608,2357.39,38,,Este,0.45
4609,1827.61,67,Electronica,Oeste,0.32
4610,3773.61,51,Hogar,Este,0.44
4611,2863.36,,Hogar,Oeste,
4612,4021.4,85,Hogar,,0.49
4613,1469.95,49,Electronica,Sur,0.35
4614,4480.95,80,Alimentos,Norte,0.16
4615,956.74,24,Deportes,Este,0.19
4616,2946.16,52,Electronica,Este,0.03
4617,185.81,82,Ropa,Centro,
4618,1671.55,96,Hogar,Sur,0.45
4619,3713.36,3,Electronica,Norte,0.34
4620,1377.02,42,Electronica,Oeste,0.22
4621,2008.37,97,Hogar,Oeste,0.07
4622,4318.27,57,Electronica,Sur,0.32
4623,2279.88,63,Ropa,Sur,0.4
4624,3009.38,60,Hogar,Norte,0.21
4625,155.39,43,Deportes,Este,0.01
4626,1020.87,68,Deportes,Norte,0.42
4627,1946.32,99,Deportes,Norte,0.21
4628,2397.25,73,Deportes,Este,0.49
4629,3730.7,37,Alimentos,Sur,0.34
4630,2266.39,35,Electronica,,0.08
4631,2303.03,71,Electronica,Sur,0.45
4632,4658.24,1,Electronica,Oeste,0.27
4633,2993.66,87,Deportes,Oeste,0.28
4634,,46,Deportes,Centro,
4635,4925.72,58,Hogar,Este,0.47
4636,4050.5,12,Deportes,Oeste,0.24
4637,2201.01,68,Ropa,Oeste,0.2
4638,2673.03,26,Deportes,Este,0.4
4639,,51,Hogar,,0.41
4640,1973.77,32,Alimentos,Norte,0.48
4641,1904.55,,,Centro,0.02
4642,4484.18,21,Deportes,Norte,0.46
4643,4293.17,37,Hogar,Norte,0.2
4644,3007.54,25,Alimentos,,0.45
4645,4764.75,82,Ropa,Centro,0.26
4646,4228.8,23,Deportes,Sur,0.41
4647,1134.87,56,Electronica,Este,0.31
4648,1605.81,49,Ropa,Este,0.43
4649,2075.02,28,Hogar,Sur,0.15
4650,1846.17,33,Alimentos,Norte,0.21
4651,3297.15,98,Hogar,Oeste,0.14
4652,3375.96,78,Deportes,Norte,0.38
4653,3399.84,28,Ropa,Oeste,0.41
4654,4927.3,55,Deportes,Sur,0.32
4655,4995.61,92,,Este,0.17
4656,2318.68,12,,Centro,0.37
4657,697.09,98,Hogar,Norte,0.47
4658,2010.58,,Alimentos,Oeste,0.22
4659,2200.95,1,Alimentos,Centro,0.16
4660,1360.97,17,Electronica,,0.34
4661,3899.24,27,Hogar,Sur,0.18
4662,,88,,Sur,0.01
4663,3731.32,50,Alimentos,Oeste,0.45
4664,4441.12,64,Hogar,Sur,0.4
4665,4052.27,78,,Este,0.14
4666,2699.78,98,Deportes,Norte,0.22
4667,2831.5,93,Deportes,Norte,0.25
4668,2814.46,81,Alimentos,Norte,0.43
4669,3769.66,54,Hogar,,0.16
4670,786.93,69,Hogar,Norte,0.25
4671,2763.07,,Ropa,,0.24
4672,4471.61,60,,Este,0.1
4673,1260.72,25,Alimentos,Este,0.02
4674,,82,Deportes,Norte,0.24
4675,908.47,97,Electronica,Centro,0.45
4676,1267.11,56,Hogar,Este,0.32
4677,4955.1,74,Alimentos,Norte,0.09
4678,536.45,98,,Norte,0.01
4679,2626.83,43,,Oeste,0.28
4680,4037.66,49,Deportes,Este,0.13
4681,4287.35,51,Alimentos,Este,0.11
4682,2373.61,,Hogar,Sur,
4683,2268.38,80,Electronica,,0.13
4684,3042.34,33,Electronica,Norte,0.4
4685,3675.57,35,Alimentos,Este,0.43
4686,1826.48,29,Alimentos,Este,0.11
4687,4658.67,3,Deportes,Sur,0.38
4688,4708.15,70,Electronica,Este,0.2
4689,1073.96,28,Deportes,Oeste,
4690,15.71,99,Ropa,Centro,0.17
4691,1456.62,55,Hogar,Sur,0.07
4692,3175.1,45,Ropa,Sur,0.04
4693,4328.55,7,Electronica,Centro,0.37
4694,4403.31,22,Ropa,,0.25
4695,3408.68,62,Hogar,Norte,0.05
4696,4500.42,85,Ropa,Sur,0.5
4697,765.44,26,,Norte,0.23
4698,2672.99,56,Electronica,Sur,0.5
4699,3036.35,71,Ropa,Este,0.1
4700,4627.29,73,Ropa,Centro,0.25
4701,1943.21,5,Ropa,Norte,0.08
4702,3383.38,,Hogar,Norte,0.36
4703,4977.99,79,Ropa,Norte,0.36
4704,2440.88,44,Alimentos,Centro,0.21
4705,1726.13,30,Electronica,Centro,0.39
4706,4543.78,56,Alimentos,Oeste,0.37
4707,3309.89,25,Deportes,,
4708,3196.33,26,Alimentos,Norte,0.28
4709,4664.45,79,Alimentos,Este,0.38
4710,1306.64,60,Alimentos,Centro,0.05
4711,2501.38,82,Alimentos,Norte,0.2
4712,4749.6,43,Deportes,,0.34
4713,1327.74,49,Electronica,Sur,0.24
4714,485.4,72,Alimentos,,0.2
4715,3116.27,96,Alimentos,Sur,0.46
4716,4224.79,43,Electronica,Norte,0.06
4717,1241.45,19,Hogar,,0.15
4718,1638.82,46,Deportes,Oeste,0.22
4719,1565.45,39,Ropa,Norte,0.27
4720,3866.26,78,Ropa,Este,0.09
4721,4131.42,70,,Este,0.19
4722,1549.54,90,Alimentos,Centro,0.16
4723,167.85,87,Electronica,Centro,0.43
4724,3263.11,41,Electronica,Sur,0.14
4725,372.06,63,Deportes,Sur,0.46
4726,3009.86,13,Alimentos,,0.14
4727,3286.81,,Ropa,Norte,0.44
4728,1310.82,80,Electronica,Centro,0.16
4729,2106.81,54,Deportes,,0.28
4730,2752.93,54,Deportes,,0.21
4731,133.49,68,,Norte,0.26
4732,979.61,70,Ropa,Sur,0.43
4733,3780.02,59,Hogar,Sur,0.49
4734,1029.32,60,Alimentos,Este,0.32
4735,3485.62,72,Ropa,Sur,0.0
4736,837.48,77,Deportes,Este,0.41
4737,4260.61,22,Deportes,Este,0.2
4738,1758.98,79,Ropa,Centro,0.39
4739,2280.42,66,Deportes,Norte,0.13
4740,412.81,45,Ropa,,0.46
4741,2937.16,93,,Centro,0.33
4742,2145.84,81,Deportes,Centro,0.33
4743,3654.32,43,Electronica,Centro,0.46
4744,2368.66,36,Hogar,Este,0.26
4745,,,Deportes,Este,0.21
4746,4202.25,64,Deportes,Norte,0.49
4747,4011.82,64,Alimentos,Sur,0.11
4748,3086.45,90,Electronica,Centro,0.44
4749,4090.67,1,Ropa,Oeste,0.35
4750,1369.63,80,Electronica,,0.34
4751,1728.04,6,Alimentos,Oeste,0.33
4752,4694.07,61,Deportes,Este,0.45
4753,1217.87,7,Ropa,Centro,0.27
4754,,87,Ropa,Oeste,0.36
4755,3852.76,2,Ropa,Norte,0.44
4756,4340.38,45,Hogar,Sur,0.11
4757,4245.62,58,Deportes,Este,0.18
4758,4384.62,93,Deportes,Sur,0.38
4759,1552.85,61,,Este,0.02
4760,1328.77,31,Deportes,Centro,0.31
4761,2278.33,16,,Oeste,0.16
4762,983.15,,Electronica,Centro,0.17
4763,607.53,57,Alimentos,Sur,0.18
4764,2624.83,25,Electronica,Centro,0.47
4765,4809.13,12,Hogar,Oeste,0.0
4766,4090.53,34,Deportes,Sur,0.49
4767,4973.88,54,Deportes,Este,0.14
4768,1955.23,69,Hogar,Norte,0.36
4769,2634.59,59,Electronica,Sur,0.48
4770,3093.47,21,Deportes,Norte,0.45
4771,972.61,54,Hogar,Sur,
4772,4974.94,39,Hogar,Este,0.31
4773,4355.49,22,,Oeste,0.05
4774,550.43,89,Ropa,Este,0.29
4775,3585.43,48,Alimentos,Oeste,0.03
4776,512.61,23,Alimentos,Este,0.23
4777,2574.05,18,Hogar,Norte,0.03
4778,3719.33,,Hogar,Este,0.39
4779,1042.1,1,Hogar,Sur,0.5
4780,1836.37,91,Hogar,,0.09
4781,757.98,93,Ropa,Norte,0.13
4782,3249.86,65,Alimentos,Sur,0.13
4783,3169.34,93,Ropa,Este,0.17
4784,,93,Electronica,Norte,0.4
4785,4967.1,1,Ropa,Sur,0.33
4786,262.26,97,Ropa,Este,0.28
4787,2012.22,76,Alimentos,Centro,0.26
4788,2196.61,50,Alimentos,Sur,0.02
4789,4205.35,1,Hogar,Norte,0.49
4790,1448.26,59,Alimentos,,0.19
4791,4194.68,42,Electronica,Este,0.38
4792,1987.54,96,Alimentos,Este,0.07
4793,310.99,9,Deportes,Norte,0.43
4794,1235.01,44,Electronica,Sur,0.38
4795,4879.68,51,Deportes,Norte,0.41
4796,3580.28,37,Deportes,Este,0.15
4797,747.57,100,Ropa,Centro,0.01
4798,3298.17,85,Hogar,Sur,0.03
4799,3795.87,49,Ropa,Centro,0.47
4800,3677.59,37,Deportes,Oeste,0.38
4801,1817.69,36,Hogar,,
4802,1233.69,49,Electronica,Este,0.24
4803,4198.37,9,Hogar,Sur,0.47
4804,4059.2,74,Deportes,Sur,0.23
4805,975.25,9,Ropa,Centro,0.08
4806,987.98,11,Ropa,Centro,0.47
4807,1926.99,4,Electronica,Norte,0.43
4808,1499.98,44,Alimentos,Oeste,0.09
4809,136.28,83,Alimentos,,0.29
4810,785.56,89,Electronica,Sur,0.32
4811,2766.32,30,Deportes,Centro,0.26
4812,4528.7,3,Alimentos,Oeste,0.38
4813,1731.1,24,Ropa,Sur,0.45
4814,,72,Deportes,Centro,0.44
4815,1972.11,60,Deportes,Centro,0.38
4816,1836.83,47,Hogar,Sur,
4817,4693.88,1,Alimentos,Este,0.17
4818,521.0,86,Hogar,Este,0.38
4819,718.46,58,,Centro,0.32
4820,4748.58,73,Hogar,Sur,0.24
4821,4212.74,26,Alimentos,Sur,0.08
4822,2042.84,29,Ropa,Este,0.03
4823,4210.19,16,,Oeste,
4824,3254.47,,Electronica,Sur,0.37
4825,1820.44,99,Deportes,Oeste,0.29
4826,3132.21,37,Ropa,,0.21
4827,3686.57,11,Electronica,Este,0.37
4828,51.3,82,Deportes,Centro,0.06
4829,132.47,9,Electronica,Sur,0.33
4830,3661.17,73,Ropa,,0.02
4831,1449.37,11,,Sur,0.03
4832,4004.57,2,Hogar,Norte,0.18
4833,82.02,46,Ropa,Norte,0.13
4834,109.99,35,Ropa,,0.47
4835,2701.72,43,Ropa,Oeste,0.04
4836,1283.99,79,Hogar,Norte,0.06
4837,4769.12,24,Electronica,Oeste,0.17
4838,938.53,,Alimentos,Sur,0.37
4839,104.9,93,Deportes,Sur,0.37
4840,2040.51,2,Deportes,Norte,0.29
4841,2955.95,99,,Centro,0.13
4842,575.75,80,Deportes,Sur,0.35
4843,2240.08,94,Alimentos,Este,0.35
4844,962.63,6,Hogar,Oeste,0.21
4845,4271.89,36,,,0.44
4846,2829.8,90,Electronica,Oeste,0.07
4847,3089.57,50,,,0.25
4848,678.09,65,Ropa,Norte,0.11
4849,2274.75,72,Electronica,Oeste,0.12
4850,85.68,20,Ropa,Oeste,0.48
4851,3411.48,54,Electronica,Norte,0.21
4852,13.22,4,Hogar,Oeste,0.09
4853,2062.88,54,Deportes,Este,0.4
4854,,52,,Este,0.25
4855,,84,Electronica,Norte,
4856,220.04,24,Deportes,Este,0.35
4857,4817.05,38,Alimentos,Sur,0.04
4858,2091.81,48,Deportes,Norte,
4859,465.6,81,Deportes,Sur,0.37
4860,2611.77,31,Alimentos,Norte,0.47
4861,3835.29,43,Electronica,Oeste,0.48
4862,4354.64,14,Ropa,Centro,0.22
4863,3582.36,72,Electronica,Oeste,0.45
4864,2149.59,51,Alimentos,Este,0.18
4865,3308.65,64,Electronica,Sur,0.3
4866,2730.72,92,Electronica,Norte,
4867,,1,Electronica,Oeste,0.42
4868,,4,Deportes,Este,0.17
4869,2005.74,3,Deportes,,0.2
4870,2951.95,91,,Sur,0.2
4871,848.66,57,Electronica,Oeste,0.05
4872,,67,Alimentos,Norte,0.43
4873,2940.82,65,Deportes,Sur,0.45
4874,3345.03,36,Deportes,,0.44
4875,1473.71,11,Ropa,Oeste,0.15
4876,1891.82,5,Hogar,Oeste,0.42
4877,2216.72,14,Deportes,,0.11
4878,4662.77,63,Ropa,Norte,0.4
4879,3948.52,21,Electronica,Centro,0.41
4880,447.68,55,Deportes,Este,0.25
4881,1850.75,71,Alimentos,Norte,0.29
4882,1506.21,44,Deportes,Sur,
4883,4526.29,49,Electronica,Este,0.5
4884,2657.63,18,Ropa,Centro,0.2
4885,1118.55,85,,Norte,0.01
4886,3980.66,90,,Centro,0.21
4887,3188.19,31,Ropa,Sur,0.14
4888,3229.74,35,Hogar,Norte,0.25
4889,2459.81,40,Alimentos,Sur,0.18
4890,,46,Electronica,Oeste,0.03
4891,4336.48,5,Hogar,Oeste,0.1
4892,3263.29,58,,Este,0.5
4893,427.25,12,Alimentos,Norte,0.37
4894,2543.98,89,Hogar,Este,0.35
4895,2639.83,88,Hogar,,0.25
4896,1958.12,86,Electronica,Norte,0.04
4897,3643.41,53,Alimentos,Oeste,0.4
4898,2233.32,72,Electronica,Este,0.24
4899,2358.14,45,Electronica,Centro,0.1
4900,821.07,83,Ropa,Oeste,0.48
4901,1945.52,98,Ropa,Centro,0.34
4902,2553.28,74,Alimentos,Este,0.22
4903,851.7,75,Alimentos,Oeste,0.02
4904,4382.21,79,Electronica,,0.38
4905,3277.02,89,Alimentos,Centro,0.08
4906,4523.98,67,Deportes,Este,0.43
4907,661.61,89,Alimentos,Sur,0.45
4908,308.14,99,Alimentos,Centro,0.44
4909,3514.52,80,Deportes,Oeste,0.28
4910,4486.28,85,Hogar,Este,0.08
4911,2283.24,69,Hogar,Oeste,0.44
4912,4662.37,31,Alimentos,,0.36
4913,1081.43,89,Electronica,Este,0.2
4914,3306.7,70,Hogar,Oeste,0.29
4915,3684.07,24,Ropa,Oeste,0.28
4916,4875.82,55,Hogar,Norte,0.49
4917,2596.47,59,Ropa,Este,0.17
4918,2990.29,4,Ropa,Sur,0.09
4919,1350.58,62,Electronica,Este,0.41
4920,932.52,9,Hogar,Centro,0.41
4921,2257.48,,Deportes,Norte,0.33
4922,3967.79,39,Alimentos,Este,0.28
4923,4276.97,32,Ropa,Norte,0.46
4924,,39,Deportes,,0.23
4925,3344.29,74,Ropa,Oeste,0.38
4926,,85,Electronica,,0.18
4927,4614.24,48,Hogar,Centro,0.46
4928,3433.86,30,Alimentos,Este,0.22
4929,4489.3,15,Ropa,Oeste,
4930,3807.98,82,Electronica,Centro,
4931,3081.87,97,Hogar,Sur,0.31
4932,3959.15,56,Electronica,Sur,0.24
4933,676.28,18,Deportes,Sur,0.11
4934,4104.12,6,Alimentos,Este,0.44
4935,2131.93,97,Electronica,Norte,0.31
4936,4834.78,,Alimentos,Centro,0.16
4937,,99,Ropa,Oeste,0.41
4938,,34,Electronica,Este,0.05
4939,1665.2,84,Hogar,Norte,0.07
4940,4213.04,80,Ropa,Norte,0.02
4941,2084.41,73,Deportes,Sur,0.45
4942,130.17,4,Deportes,,0.49
4943,1704.94,85,,Sur,0.37
4944,1822.77,26,Ropa,,0.45
4945,2073.2,48,Electronica,Sur,0.1
4946,1722.72,23,Deportes,Centro,0.34
4947,3443.73,3,Electronica,Este,0.15
4948,3506.42,13,Alimentos,,0.29
4949,3825.04,97,Electronica,Centro,0.48
4950,999.13,1,Hogar,Oeste,0.32
4951,3437.67,87,Alimentos,Oeste,0.08
4952,3582.14,25,,Centro,0.07
4953,2657.79,42,Alimentos,Sur,0.39
4954,4095.37,25,Electronica,Este,0.11
4955,3951.6,83,Electronica,Centro,0.26
4956,2758.33,33,Electronica,Norte,0.36
4957,3719.4,32,,Norte,0.35
4958,,46,Ropa,Este,0.33
4959,522.14,75,Ropa,Oeste,0.16
4960,4210.13,35,Deportes,Norte,0.47
4961,4202.53,85,Electronica,Oeste,0.17
4962,485.71,66,Electronica,Este,0.08
4963,681.94,10,Deportes,Norte,0.19
4964,4227.36,10,Electronica,Oeste,0.35
4965,1910.81,81,Ropa,Sur,0.33
4966,1540.62,40,Deportes,,0.45
4967,3313.99,41,Deportes,Norte,0.26
4968,3070.59,,Ropa,Norte,0.46
4969,1161.01,58,Hogar,Este,0.04
4970,615.95,48,Hogar,Centro,0.46
4971,4187.31,48,Alimentos,Este,0.05
4972,2123.76,41,Deportes,Este,0.05
4973,2400.33,22,Ropa,Oeste,0.03
4974,1922.87,84,Alimentos,Oeste,0.36
4975,560.51,14,Ropa,Sur,0.48
4976,307.01,9,Electronica,Este,0.01
4977,928.64,60,Electronica,Este,0.25
4978,4542.19,18,,Oeste,0.48
4979,1532.35,80,Deportes,Sur,0.24
4980,3360.92,100,Hogar,Este,0.03
4981,1904.66,58,Deportes,,0.1
4982,,14,Alimentos,Sur,0.14
4983,,62,Ropa,Este,0.49
4984,3626.26,92,Alimentos,Norte,0.11
4985,4884.63,52,Alimentos,Oeste,0.31
4986,203.14,78,Electronica,Norte,0.4
4987,2728.04,31,Alimentos,Centro,0.46
4988,912.93,27,Alimentos,Centro,0.09
4989,1431.61,75,Hogar,Oeste,0.22
4990,133.91,46,,Oeste,0.23
4991,3162.5,8,Deportes,Sur,0.24
4992,4686.25,27,,Oeste,0.21
4993,3674.44,69,Hogar,Sur,0.2
4994,2229.78,54,Ropa,Sur,0.26
4995,1215.56,14,Electronica,Oeste,0.41
4996,1428.08,43,Alimentos,Centro,0.38
4997,4036.75,77,Electronica,Este,0.03
4998,1056.31,10,Electronica,Sur,0.05
4999,2940.81,24,Ropa,Este,0.28
5000,3941.65,21,Alimentos,Este,0.42
